tag, ct, beta, theta, p, sigma, rho, epsilonA, epsilonI, lambda0, gammaA, gammaI, gammaD, cD, dD, dI, delta, S0, R0, Q0, E0, A0, I0, D0, day
CASES, Sierra_Leone, 9.999983245330856e-06, 0.1584496721665321, 0.01351602569607084, 0.14285714285714285, 0.12, 0.037975703926395536, 0.10000000012202208, 0.017241379310344827, 0.10000061321990944, 0.1, 0.10114193583002687, 1.4, 0.00617555917551046, 0.008645782845714644, 0.016406265983842483, 16002.668514922309, 0, 469.2, 3.0, 1.2, 1.8, 1, 58
CASES, Burkina_Faso, 9.99992026801954e-06, 0.15943241607888747, 0.3299803728355297, 0.14285714285714285, 0.12, 0.19994283956942446, 0.3999999954597, 0.012987012987012988, 0.10000019868786769, 0.1, 0.10001458888928486, 1.4, 0.0066928954686011335, 0.009370053656041587, 0.00040881878086829193, 59106.300776217875, 0, 507.0, 6.0, 2.4, 3.6, 2, 77
CASES, Chad, 9.999998786914456e-06, 0.15999949414847112, 0.0010011864294985156, 0.14285714285714285, 0.12, 0.0017768385294033796, 0.10000000147567706, 0.014285714285714285, 0.10000019204954935, 0.1, 0.13708291396689493, 1.4, 0.013476661280923617, 0.018867325793293064, 0.011406578824256886, 107343.56492577716, 0, 429.0, 3.0, 1.2, 1.8, 1, 70
CASES, United_Republic_of_Tanzania, 1.4348893068938386e-09, 0.10116691439915583, 0.17345434140464627, 0.14285714285714285, 0.12, 0.0976402082953853, 0.10629413708362714, 0.0136986301369863, 0.10000360714837839, 0.1, 0.10093006662164984, 1.4, 0.004343302047243129, 0.00608062286614038, 0.0004993162032044252, 50231.09517946212, 0, 305.4, 3.0, 1.2, 1.8, 1, 73
CASES, Cases_on_an_international_conveyance_Japan, 9.999999800510603e-06, 0.1554323938976583, 0.2888420459193645, 0.14285714285714285, 0.12, 0.0704391807973794, 0.3177964469123264, 0.03571428571428571, 0.1440430355942044, 0.1, 0.10003188677410307, 1.4, 0.0010162891254263012, 0.0014228047755968215, 0.787446617215523, 1732.6967447495047, 0, 417.59999999999997, 30.0, 12.0, 18.0, 10, 28
CASES, Sao_Tome_and_Principe, 9.998743414953098e-06, 0.15984665978176676, 0.040654544890088434, 0.14285714285714285, 0.12, 0.020442567884082455, 0.10000000000556739, 0.02, 0.10000000001613199, 0.1, 0.14996989196499913, 1.4, 0.004175495831972134, 0.005845694164760987, 0.01650059519561292, 8246.491551874997, 0, 265.8, 12.0, 4.8, 7.2, 4, 50
CASES, Costa_Rica, 2.5236569878432873e-07, 0.10011252526422657, 0.3299963686744526, 0.14285714285714285, 0.12, 0.0003226102958703958, 0.39999990600069524, 0.012195121951219513, 0.1489748242437548, 0.1, 0.14408516743465014, 1.4, 0.0014793138340313155, 0.0020710393676438414, 0.0004851147525381516, 354545.1761618044, 0, 590.4, 3.0, 1.2, 1.8, 1, 82
CASES, Georgia, 9.999999998996528e-06, 0.15999999255356748, 0.08365366012103106, 0.14285714285714285, 0.12, 0.10327466562966775, 0.10024690167462304, 0.011235955056179775, 0.10000000018873673, 0.1, 0.1007448337345488, 1.4, 0.0016721134229800631, 0.002340958792172088, 0.00036907739603803114, 66788.11572875617, 0, 441.0, 3.0, 1.2, 1.8, 1, 89
CASES, Niger, 9.894120760856163e-06, 0.15211857454876077, 0.0512801991778378, 0.14285714285714285, 0.12, 0.006290591387211142, 0.3967225003801371, 0.014492753623188406, 0.11180748563571466, 0.1, 0.10906957860526484, 1.4, 0.007834402952566724, 0.010968164133593413, 0.786667025065349, 6141.247120350685, 0, 573.0, 3.0, 1.2, 1.8, 1, 69
CASES, San_Marino, 1.0848646506854355e-07, 0.14968801242163532, 0.03849115376478509, 0.14285714285714285, 0.12, 0.06001458519554462, 0.3999196236366721, 0.011111111111111112, 0.1000331144659767, 0.1, 0.10036348139927091, 1.4, 0.006744425950031005, 0.009442196330043407, 0.04956577060825795, 1604.6203794686583, 0, 400.2, 3.0, 1.2, 1.8, 1, 90
CASES, Madagascar, 8.492091986509175e-06, 0.15999252176616208, 0.0010000131608794013, 0.14285714285714285, 0.12, 0.06066749689930282, 0.11264200973111897, 0.014492753623188406, 0.1000614510784823, 0.1, 0.1032391114194862, 1.4, 0.00033848888989995474, 0.0004738844458599366, 0.00017837008908788698, 141611.0488043849, 0, 367.2, 9.0, 3.5999999999999996, 5.4, 3, 69
CASES, Uruguay, 9.999999999958798e-06, 0.15999958800278752, 0.32994549631837666, 0.14285714285714285, 0.12, 0.1889824603360828, 0.262661741343257, 0.013333333333333334, 0.14999999999979868, 0.1, 0.10176818007869998, 1.4, 0.0028667092979915484, 0.004013393017188167, 0.0001308883077881795, 193989.09007724276, 0, 481.79999999999995, 18.0, 7.199999999999999, 10.8, 6, 75
CASES, Ethiopia, 9.803298954895813e-06, 0.15999695690426596, 0.0010000000316361367, 0.14285714285714285, 0.12, 0.09194560930927514, 0.1648622962364761, 0.013157894736842105, 0.10003767850971511, 0.1, 0.10000236087870779, 1.4, 0.0008276057452030989, 0.0011586480432843383, 6.090323813490173e-06, 161578.43191949514, 0, 438.59999999999997, 3.0, 1.2, 1.8, 1, 76
CASES, Taiwan, 9.999999780305714e-06, 0.15999994037282544, 0.06934278402872773, 0.14285714285714285, 0.12, 0.019608995588448554, 0.10002566982516134, 0.007874015748031496, 0.10000014802490394, 0.1, 0.10000696078300612, 1.4, 0.0016130154965000986, 0.002258221695100138, 0.0011680428059341885, 25317.295022665054, 0, 264.59999999999997, 3.0, 1.2, 1.8, 1, 127
CASES, Malta, 9.960098446064343e-06, 0.10227529685665056, 0.17381247662601734, 0.14285714285714285, 0.12, 0.17600159901308393, 0.10205370986454358, 0.012048192771084338, 0.1277468495710251, 0.1, 0.13984928218021825, 1.4, 0.00161010686720646, 0.002254149614089044, 0.034115783862500526, 794.5066223945283, 0, 369.0, 3.0, 1.2, 1.8, 1, 83
CASES, Jordan, 9.912272744695624e-06, 0.10000202618003462, 0.32996151830404796, 0.14285714285714285, 0.12, 0.047711169681635815, 0.39999358081082803, 0.012987012987012988, 0.12575862151851475, 0.1, 0.12590219095393268, 1.4, 0.001593698619670034, 0.0022311780675380475, 0.00022241265689648682, 171950.47850594672, 0, 432.0, 3.0, 1.2, 1.8, 1, 77
CASES, South_Sudan, 9.999942395957768e-06, 0.15999911676351852, 0.014480771112548665, 0.14285714285714285, 0.12, 0.1000437098430944, 0.10000394193339585, 0.018867924528301886, 0.10000000709690979, 0.1, 0.10000228033018094, 1.4, 0.001002529126117102, 0.0014035407765639427, 0.001384147442744177, 62836.968669121794, 0, 483.59999999999997, 3.0, 1.2, 1.8, 1, 53
CASES, Paraguay, 9.999999420242769e-06, 0.15999995638261072, 0.02013202555758905, 0.14285714285714285, 0.12, 0.1815460359335871, 0.260901291564434, 0.01282051282051282, 0.10046334179326691, 0.1, 0.10055476823279733, 1.4, 0.0012670131163353613, 0.0017738183628695056, 2.7802472493509978e-05, 262121.89694550578, 0, 530.4, 3.0, 1.2, 1.8, 1, 78
CASES, Cyprus, 9.98330556878372e-06, 0.15986315469047785, 0.31698947520694787, 0.14285714285714285, 0.12, 0.1999999999385319, 0.39965909666420885, 0.012987012987012988, 0.14999649336909393, 0.1, 0.10250922839880723, 1.4, 0.0018900833869628232, 0.002646116741747952, 0.00018168227261250447, 175147.2003574717, 0, 563.4, 6.0, 2.4, 3.6, 2, 77
CASES, Palestine, 9.976333118992578e-06, 0.10819027240460549, 0.3298624641731971, 0.14285714285714285, 0.12, 0.14023149515759478, 0.10007826079746097, 0.012345679012345678, 0.14993421855873673, 0.1, 0.10438474450003626, 1.4, 0.0008584271751647718, 0.0012017980452306805, 0.00025580386879325845, 80023.51803561549, 0, 367.8, 21.0, 8.4, 12.6, 7, 81
CASES, Kosovo, 9.999999982176481e-06, 0.10002759665227635, 0.3299994083439564, 0.14285714285714285, 0.12, 0.10215247922660738, 0.39996694598545635, 0.013513513513513514, 0.14968059985493998, 0.1, 0.14962923393505115, 1.4, 0.0044138417089985595, 0.006179378392597983, 0.0009085124279231693, 50885.18549880361, 0, 628.1999999999999, 6.0, 2.4, 3.6, 2, 74
CASES, Nicaragua, 9.99999958099915e-06, 0.15986022593840588, 0.0055258712295546035, 0.14285714285714285, 0.12, 0.007218522691205354, 0.10000002023528626, 0.014084507042253521, 0.10000011783524174, 0.1, 0.1000066125797908, 1.4, 0.004834573812558947, 0.006768403337582525, 0.005640822887415464, 33145.243518258016, 0, 455.4, 3.0, 1.2, 1.8, 1, 71
CASES, Equatorial_Guinea, 2.528084824197477e-06, 0.10332487346368321, 0.015089353967614405, 0.14285714285714285, 0.12, 0.01114010349783019, 0.10000016247288934, 0.013513513513513514, 0.10000125296975594, 0.1, 0.1446369470715614, 1.4, 0.0016834562219774365, 0.002356838710768411, 9.754752694773883e-05, 722546.0564658064, 0, 625.8, 3.0, 1.2, 1.8, 1, 74
CASES, Albania, 9.999996303546293e-06, 0.15933567892853848, 0.3299999073333417, 0.14285714285714285, 0.12, 0.19999999675213723, 0.39999578457111695, 0.012345679012345678, 0.14861184817871848, 0.1, 0.10000692492052365, 1.4, 0.0032450624605479656, 0.004543087444767151, 0.00032338354838323813, 88314.61834014853, 0, 630.0, 6.0, 2.4, 3.6, 2, 81
CASES, Central_African_Republic, 9.999999659990979e-06, 0.15984666300920308, 0.004479011050406262, 0.14285714285714285, 0.12, 0.012901236504633918, 0.10000000000149196, 0.013513513513513514, 0.1000000005687361, 0.1, 0.13334840872389725, 1.4, 0.0001902259753550603, 0.0002663163654970844, 0.005587616514808824, 50232.06174109425, 0, 421.2, 3.0, 1.2, 1.8, 1, 74
CASES, Congo, 9.997339192428559e-06, 0.10090607035372094, 0.019626401600455742, 0.14285714285714285, 0.12, 0.19897161919313341, 0.10015609432476132, 0.013513513513513514, 0.10000717113721566, 0.1, 0.12520945916751278, 1.4, 0.00430974587714265, 0.006033644227999711, 0.0006681724911994369, 46210.33230024338, 0, 342.59999999999997, 3.0, 1.2, 1.8, 1, 74
CASES, Tunisia, 9.707725297778109e-06, 0.15582502213709604, 0.32994896563985915, 0.14285714285714285, 0.12, 0.10613231935588491, 0.39982124308443034, 0.012345679012345678, 0.1245957224281096, 0.1, 0.10041157471201885, 1.4, 0.004805339567474482, 0.006727475394464275, 0.00047621418020876716, 89802.95628953735, 0, 630.6, 3.0, 1.2, 1.8, 1, 81
CASES, Latvia, 9.999999812967447e-06, 0.15990710289602383, 0.3299999999810847, 0.14285714285714285, 0.12, 0.199964000698131, 0.3999977584904567, 0.012048192771084338, 0.1499999999562328, 0.1, 0.10069187007803107, 1.4, 0.002239761133263747, 0.0031356655865692456, 0.0021387176057116597, 14922.626059320137, 0, 634.1999999999999, 3.0, 1.2, 1.8, 1, 83
CASES, Zambia, 5.0943526074374294e-06, 0.1566361581003095, 0.007895175310509962, 0.14285714285714285, 0.12, 0.010320566422377941, 0.10026493462138594, 0.014084507042253521, 0.10001989175513976, 0.1, 0.1062949843020129, 1.4, 0.0007086332286800859, 0.0009920865201521203, 0.00019957559976258032, 294374.5012259965, 0, 634.1999999999999, 6.0, 2.4, 3.6, 2, 71
CASES, Jamaica, 5.890097434265282e-06, 0.10229348622492695, 0.08152963379516469, 0.14285714285714285, 0.12, 0.00917965083779596, 0.2341747045696679, 0.012987012987012988, 0.1499801283481055, 0.1, 0.14600312565648185, 1.4, 0.0023464788051934583, 0.0032850703272708412, 6.589723301403394e-05, 697853.6444847407, 0, 341.4, 6.0, 2.4, 3.6, 2, 77
CASES, Nepal, 9.999999999998727e-06, 0.15999999999937953, 0.001000000000103406, 0.14285714285714285, 0.12, 4.2854608750531044e-15, 0.10000004494754675, 0.008928571428571428, 0.10000001073544561, 0.1, 0.14999904047810123, 1.4, 0.0006802677572703003, 0.0009523748601784203, 1.6508568012607583e-08, 114847.84839626634, 0, 531.6, 3.0, 1.2, 1.8, 1, 112
CASES, New_Zealand, 2.0371496786956406e-06, 0.13481275111074553, 0.32998037749885256, 0.14285714285714285, 0.12, 0.1965813946600607, 0.39922921221266305, 0.012195121951219513, 0.14992358281294219, 0.1, 0.12368866926877686, 1.4, 0.0024038433956829423, 0.003365380753956119, 0.0014556360203094032, 29429.81410758658, 0, 692.4, 3.0, 1.2, 1.8, 1, 82
CASES, Guinea_Bissau, 9.999848623729052e-06, 0.1599999992608901, 0.01487009261656268, 0.14285714285714285, 0.12, 0.10088885595581863, 0.10000002585150342, 0.015873015873015872, 0.10000000045998358, 0.1, 0.14998468453118546, 1.4, 0.0008965779604767705, 0.0012552091446674785, 0.0006620682840173253, 118372.81734556053, 0, 706.8, 6.0, 2.4, 3.6, 2, 63
CASES, Mali, 1.6596918284150777e-14, 0.10000189722298145, 0.0044907146294982814, 0.14285714285714285, 0.12, 3.917982270462694e-06, 0.10000003885316726, 0.015625, 0.14999998472135123, 0.1, 0.10048660697180035, 1.4, 0.006724725131956046, 0.009414615184738464, 0.10250219456800597, 119832.31879953892, 0, 669.6, 6.0, 2.4, 3.6, 2, 64
CASES, Lebanon, 9.999250044990629e-06, 0.1430093310420449, 0.3299993924522606, 0.14285714285714285, 0.12, 0.1999999464810646, 0.3969397940542513, 0.010752688172043012, 0.10977009429427421, 0.1, 0.13412810112125587, 1.4, 0.003072537999253438, 0.004301553198954813, 0.00020905057542164318, 104440.72869807601, 0, 696.6, 3.0, 1.2, 1.8, 1, 93
CASES, Haiti, 9.999963487437898e-06, 0.15999997454452072, 0.0010115401314437413, 0.14285714285714285, 0.12, 0.00459333590580524, 0.10000561170996902, 0.014285714285714285, 0.10000032265449575, 0.1, 0.10118872159642955, 1.4, 0.0026752850188791638, 0.003745399026430829, 0.001264934658491923, 146290.15800364394, 0, 792.0, 6.0, 2.4, 3.6, 2, 70
CASES, Venezuela, 1.8996791834384458e-06, 0.1599718886738017, 0.001000000000068633, 0.14285714285714285, 0.12, 0.029799273408093675, 0.3998452039703453, 0.013333333333333334, 0.1000000629717307, 0.1, 0.10018435999187206, 1.4, 0.0008930534521155531, 0.0012502748329617742, 1.0882286253233175e-06, 712809.2844091858, 0, 747.0, 30.0, 12.0, 18.0, 10, 75
CASES, Mato_Grosso_do_Sul, 9.999985665651741e-06, 0.15999215289495655, 0.0013873595017014574, 0.14285714285714285, 0.12, 0.08827407743483105, 0.10000403826227428, 0.0136986301369863, 0.10000550746424834, 0.1, 0.10707498302895643, 1.4, 0.0016501281631174792, 0.002310179428364471, 0.0006222184276932774, 126176.42776577992, 0, 711.6, 6.0, 2.4, 3.6, 2, 73
CASES, Slovenia, 1.4975600926003808e-13, 0.10047564660487436, 0.3299999187005994, 0.14285714285714285, 0.12, 1.4261954705130365e-05, 0.39999996288973183, 0.011904761904761904, 0.14999993349938112, 0.1, 0.1499977575874909, 1.4, 0.011766686262361822, 0.016473360767306548, 0.0006638317588673615, 481055.2435480683, 0, 882.6, 3.0, 1.2, 1.8, 1, 84
CASES, Slovakia, 9.999988936654772e-06, 0.15999597259745466, 0.08212326336514648, 0.14285714285714285, 0.12, 0.015130897263694898, 0.10041264596137733, 0.012195121951219513, 0.10000194702702185, 0.1, 0.10002674450097526, 1.4, 0.0018834894727823182, 0.0026368852618952453, 0.0718217139515589, 8763.041787911128, 0, 909.0, 3.0, 1.2, 1.8, 1, 82
CASES, Maldives, 9.999983997100898e-06, 0.1599999999744274, 0.0029238473263970342, 0.14285714285714285, 0.12, 0.0021941127609991563, 0.10032731971101086, 0.0125, 0.10000000504375091, 0.1, 0.1000063414066644, 1.4, 0.00034437445387969836, 0.00048212423543157767, 0.006464406501205722, 100202.67681311772, 0, 874.1999999999999, 6.0, 2.4, 3.6, 2, 80
CASES, Sri_Lanka, 9.999999987755716e-06, 0.15999999901596632, 0.01275417103404821, 0.14285714285714285, 0.12, 1.1102230246251566e-17, 0.10000210931913231, 0.008849557522123894, 0.10000000000230022, 0.1, 0.1499999997194263, 1.4, 0.0010281014374189602, 0.0014393420123865442, 0.00024601750386310517, 149059.3661669312, 0, 881.4, 3.0, 1.2, 1.8, 1, 113
CASES, Kenya, 9.75481428277002e-06, 0.1538514636690745, 0.038157813950822, 0.14285714285714285, 0.12, 0.00898630096834624, 0.3999997923939935, 0.013157894736842105, 0.10000000028121042, 0.1, 0.12493791719646065, 1.4, 0.004852814580371, 0.0067939404125194, 0.00014774999974165315, 282409.0080445157, 0, 882.6, 3.0, 1.2, 1.8, 1, 76
CASES, Iceland, 9.999999807189149e-06, 0.15997556511326172, 0.0010285868413516717, 0.14285714285714285, 0.12, 0.1684462542393929, 0.12439769075159199, 0.011111111111111112, 0.10000000847051092, 0.1, 0.10005030922505237, 1.4, 0.0005573833383011274, 0.0007803366736215783, 0.1888796087619603, 24891.763763955856, 0, 1083.0, 3.0, 1.2, 1.8, 1, 90
CASES, Lithuania, 9.568048437307744e-06, 0.10001484069121025, 0.3299999480895714, 0.14285714285714285, 0.12, 0.1999991268918474, 0.39981016665192026, 0.012195121951219513, 0.12596716243091224, 0.1, 0.13182142270329764, 1.4, 0.005502981592927035, 0.007704174230097849, 0.0011598882887456363, 41996.40991568175, 0, 988.1999999999999, 3.0, 1.2, 1.8, 1, 82
CASES, Somalia, 9.99984034233164e-06, 0.1599794531860973, 0.009835812271851731, 0.14285714285714285, 0.12, 0.10196352197615405, 0.10000284745242258, 0.0136986301369863, 0.10000130870054577, 0.1, 0.10011147425709858, 1.4, 0.00403093075434231, 0.005643303056079234, 0.0013415702026928766, 94426.39409500285, 0, 1038.6, 3.0, 1.2, 1.8, 1, 73
CASES, Kyrgyzstan, 7.951065683712144e-06, 0.10000300866167579, 0.3299824023991764, 0.14285714285714285, 0.12, 0.035178382242069504, 0.39999998884638266, 0.014084507042253521, 0.1499999984562005, 0.1, 0.14976094220538846, 1.4, 0.0015184886408657892, 0.002125884097212105, 0.0001039829307880602, 825651.1502242764, 0, 956.4, 9.0, 3.5999999999999996, 5.4, 3, 71
CASES, Cuba, 5.655172076331661e-06, 0.10000022505454394, 0.32990373434184944, 0.14285714285714285, 0.12, 0.1968948450794168, 0.21177797170210283, 0.013333333333333334, 0.1499999999540026, 0.1, 0.14996652667837315, 1.4, 0.006499606335954862, 0.009099448870336806, 0.000177917078635903, 358731.35627451673, 0, 1184.3999999999999, 9.0, 3.5999999999999996, 5.4, 3, 75
CASES, Estonia, 9.999877064839514e-06, 0.15934823004415516, 0.3299999928866521, 0.14285714285714285, 0.12, 0.19849330255063152, 0.10000002125822674, 0.011627906976744186, 0.1360773865216894, 0.1, 0.11066132034956823, 1.4, 0.004117050249758457, 0.005763870349661839, 0.03324563391649882, 2548.294970923846, 0, 1104.0, 3.0, 1.2, 1.8, 1, 86
CASES, North_Macedonia, 1.5299309246619154e-09, 0.10725699050736844, 0.20418704294207038, 0.14285714285714285, 0.12, 0.1999999993849028, 0.39999993683171875, 0.012048192771084338, 0.14999992690775876, 0.1, 0.14883073499193553, 1.4, 0.009219603052597777, 0.012907444273636886, 0.0006688526348521684, 85887.87741605383, 0, 1224.0, 3.0, 1.2, 1.8, 1, 83
CASES, Mato_Grosso, 9.999941082185667e-06, 0.159627422361118, 0.0010000097131094583, 0.14285714285714285, 0.12, 0.1998393035253143, 0.10000054479724052, 0.014492753623188406, 0.10000546624293401, 0.1, 0.10011520112629597, 1.4, 0.0025684881493639794, 0.0035958834091095707, 0.0004969837682393674, 172509.1901640225, 0, 1103.3999999999999, 3.0, 1.2, 1.8, 1, 69
CASES, Croatia, 9.999999985042156e-06, 0.15114087715126046, 0.13619014410686947, 0.14285714285714285, 0.12, 0.05734596805765862, 0.10000000102456524, 0.011111111111111112, 0.14429094079075616, 0.1, 0.10000000049859686, 1.4, 0.004713019155556828, 0.00659822681777956, 0.02872539062322993, 8085.967267856178, 0, 1346.3999999999999, 3.0, 1.2, 1.8, 1, 90
CASES, Bosnia_and_Herzegovina, 9.99999999995844e-06, 0.15995014224369702, 0.16849613432819363, 0.14285714285714285, 0.12, 5.551115123125783e-17, 0.39999999806065445, 0.012987012987012988, 0.10000006170099522, 0.1, 0.14999990975510322, 1.4, 0.00991680664317889, 0.013883529300450446, 0.017435878266294058, 40445.25357099194, 0, 1461.0, 6.0, 2.4, 3.6, 2, 77
CASES, Gabon, 9.999944757360921e-06, 0.14287627932065533, 0.008900180335410214, 0.14285714285714285, 0.12, 0.012071107945231564, 0.1772722316176018, 0.013157894736842105, 0.12570792522675495, 0.1, 0.10466370229782648, 1.4, 0.0006357014456267119, 0.0008899820238773966, 0.00020074779639711604, 218092.6650614559, 0, 1391.3999999999999, 3.0, 1.2, 1.8, 1, 76
CASES, El_Salvador, 1.7985220179152995e-07, 0.15999954905319705, 0.007502121804036221, 0.14285714285714285, 0.12, 0.01666242845050241, 0.2562269402553079, 0.014084507042253521, 0.10000009276123566, 0.1, 0.12497260521340267, 1.4, 0.002354556330107587, 0.0032963788621506217, 4.920200108277095e-05, 6316134.461356036, 0, 1265.3999999999999, 3.0, 1.2, 1.8, 1, 71
CASES, Roraima, 9.99767701895024e-06, 0.1599999999738725, 0.026135608404531382, 0.14285714285714285, 0.12, 5.361258437197591e-10, 0.10000008598645549, 0.014925373134328358, 0.14836260734953338, 0.1, 0.14999995468212995, 1.4, 0.005930230766502812, 0.008302323073103936, 0.0013941582317091306, 237531.05059872245, 0, 1609.2, 6.0, 2.4, 3.6, 2, 67
CASES, Bulgaria, 1.3574347721289404e-07, 0.1000003542562247, 0.10172011915063, 0.14285714285714285, 0.12, 0.19999999999980958, 0.3999133305819218, 0.012658227848101266, 0.14554345716757178, 0.1, 0.10010623450077713, 1.4, 0.005721585384015194, 0.008010219537621271, 0.0003442334332113828, 231371.63518469184, 0, 1476.0, 6.0, 2.4, 3.6, 2, 79
CASES, Democratic_Republic_of_the_Congo, 9.998247702759833e-06, 0.10000015486804716, 0.0010000040699179725, 0.14285714285714285, 0.12, 0.1999994699038246, 0.19980131634721102, 0.012987012987012988, 0.10013625712272031, 0.1, 0.10142288675436313, 1.4, 0.0026618125431480868, 0.003726537560407321, 0.000784811659863438, 220040.31721878037, 0, 1595.3999999999999, 3.0, 1.2, 1.8, 1, 77
CASES, Cote_dIvoire, 3.573408455235502e-06, 0.10677221041546121, 0.12159109914556586, 0.14285714285714285, 0.12, 0.0007171635414242151, 0.39590803444209843, 0.013157894736842105, 0.10427571740632699, 0.1, 0.10047865658163874, 1.4, 0.0012335993481310103, 0.0017270390873834142, 0.0001535230064188542, 1526320.1621551402, 0, 1533.6, 3.0, 1.2, 1.8, 1, 76
CASES, Tocantins, 9.999999806534035e-06, 0.15999990229841982, 0.01159376941428663, 0.14285714285714285, 0.12, 1.649032022044139e-10, 0.10000015624377877, 0.014285714285714285, 0.10000028529234553, 0.1, 0.14993966436513298, 1.4, 0.0032948202108633007, 0.00461274829520862, 0.00010093546534012399, 256467.91140064018, 0, 1813.8, 3.0, 1.2, 1.8, 1, 70
CASES, Greece, 4.789355228802528e-09, 0.1086210624918596, 0.329897463603255, 0.14285714285714285, 0.12, 0.1994481807272711, 0.39998947689123665, 0.011111111111111112, 0.1499810329038631, 0.1, 0.1414453711238713, 1.4, 0.008963387986970597, 0.012548743181758835, 0.0003460629324618658, 237903.67283005317, 0, 1741.8, 3.0, 1.2, 1.8, 1, 90
CASES, Goias, 9.999997476091345e-06, 0.1599990963713802, 0.0010000171884604083, 0.14285714285714285, 0.12, 0.12911411525105196, 0.10000028676448258, 0.013157894736842105, 0.1000001012913197, 0.1, 0.10004770160913554, 1.4, 0.003950695346905534, 0.005530973485667748, 0.0015753740961672036, 130708.34138168936, 0, 1705.8, 9.0, 3.5999999999999996, 5.4, 3, 76
CASES, Djibouti, 8.088844956081814e-06, 0.15999999999490142, 0.18975271937156982, 0.14285714285714285, 0.12, 0.06743842158849393, 0.10000000022180068, 0.014084507042253521, 0.10000000000070625, 0.1, 0.1111317688080862, 1.4, 0.0007466860166276788, 0.0010453604232787503, 4.012652043550169e-05, 958919.982420467, 0, 1618.2, 3.0, 1.2, 1.8, 1, 71
CASES, Tajikistan, 9.999192330129393e-06, 0.100064181964123, 0.3294938237713065, 0.14285714285714285, 0.12, 0.1999983214293809, 0.3999918668954975, 0.03571428571428571, 0.1499524162653901, 0.1, 0.10009227226380833, 1.4, 0.001507611173587159, 0.0021106556430220227, 0.0005194644939711113, 581673.5453201636, 0, 1860.0, 45.0, 18.0, 27.0, 15, 28
CASES, Thailand, 9.999929975930948e-06, 0.14765831212439207, 0.036218337414019613, 0.14285714285714285, 0.12, 3.577471652249642e-13, 0.10000155967818929, 0.007751937984496124, 0.13811099021868314, 0.1, 0.13391943496283393, 1.4, 0.002554688016359282, 0.0035765632229029943, 0.00011768328612393741, 378848.31122209626, 0, 1827.0, 3.0, 1.2, 1.8, 1, 129
CASES, Senegal, 9.999987802701101e-06, 0.15999912703590397, 0.012103537772752148, 0.14285714285714285, 0.12, 0.001235763035844717, 0.10000420311631468, 0.0125, 0.10000100474746512, 0.1, 0.14971507349774738, 1.4, 0.0018167043766061442, 0.0025433861272486018, 0.0026934130122438504, 148492.69698314497, 0, 1951.8, 3.0, 1.2, 1.8, 1, 80
CASES, Uzbekistan, 3.44488148132059e-06, 0.10000059611728371, 0.25510940561003903, 0.14285714285714285, 0.12, 0.001222353456887826, 0.39999986222714434, 0.013513513513513514, 0.1499999426811895, 0.1, 0.10857332319588982, 1.4, 0.0004579772596391857, 0.0006411681634948599, 0.00014251850337421157, 2723978.6179279615, 0, 1999.8, 18.0, 7.199999999999999, 10.8, 6, 74
CASES, Hungary, 9.999886632003151e-06, 0.15873185664705206, 0.11787616953883025, 0.14285714285714285, 0.12, 0.19857921841150492, 0.15650311568136047, 0.011904761904761904, 0.10000483290568804, 0.1, 0.10022938913553235, 1.4, 0.01542690023283519, 0.021597660325969267, 0.0031562365471254905, 33986.61657264308, 0, 2289.6, 6.0, 2.4, 3.6, 2, 84
CASES, Guinea, 9.999997750647816e-06, 0.1599999994801777, 0.03271651903156746, 0.14285714285714285, 0.12, 0.05241769829994061, 0.2498598704624474, 0.013333333333333334, 0.11636096598390074, 0.1, 0.10000376884452752, 1.4, 0.0006131617943752051, 0.0008584265121252871, 0.000559582824379512, 201567.43139706887, 0, 2067.6, 3.0, 1.2, 1.8, 1, 75
CASES, Puerto_Rico, 9.998266795328919e-06, 0.15982719401014028, 0.3299064594707484, 0.14285714285714285, 0.12, 0.19999938569852493, 0.3999769646504233, 0.016129032258064516, 0.10000029558139112, 0.1, 0.10009779621935838, 1.4, 0.003951228798132568, 0.005531720317385595, 0.0008548866739696015, 100539.48378275838, 0, 2038.1999999999998, 192.0, 76.8, 115.2, 64, 62
CASES, Parana, 9.646702003889662e-06, 0.10002105990801403, 0.0010000000622372995, 0.14285714285714285, 0.12, 0.1999896417654503, 0.10000000700764453, 0.012987012987012988, 0.10000000009306145, 0.1, 0.10009668557353096, 1.4, 0.004567792412087892, 0.006394909376923048, 0.006011431443512516, 115496.98640877339, 0, 2227.2, 18.0, 7.199999999999999, 10.8, 6, 77
CASES, Luxembourg, 2.216841642421752e-11, 0.13298802783750974, 0.3299960547650853, 0.14285714285714285, 0.12, 0.19999990349822094, 0.3999810780737938, 0.012345679012345678, 0.14999999949119092, 0.1, 0.148919521824626, 1.4, 0.004216511557454019, 0.0059031161804356256, 0.0002893186488084343, 484612.9477153573, 0, 2397.0, 3.0, 1.2, 1.8, 1, 81
CASES, Rondonia, 3.871072374602023e-06, 0.15999999654629032, 0.05979638372394706, 0.14285714285714285, 0.12, 0.001707535339809785, 0.10000000020185502, 0.014492753623188406, 0.14999999831418695, 0.1, 0.10002464182812343, 1.4, 0.0036787586390477607, 0.005150262094666865, 1.2069401910397293e-05, 1532459.3256311438, 0, 2317.2, 3.0, 1.2, 1.8, 1, 69
CASES, Piaui, 9.353712263109246e-06, 0.1599871669788721, 0.0033433128667259243, 0.14285714285714285, 0.12, 0.0002294860006895716, 0.10007360263263801, 0.014492753623188406, 0.10174646804473107, 0.1, 0.12005275204822151, 1.4, 0.004198086840934677, 0.005877321577308548, 0.005268349643536174, 169425.49445069864, 0, 2379.6, 9.0, 3.5999999999999996, 5.4, 3, 69
CASES, Guatemala, 9.999701980855015e-06, 0.1599988452594104, 0.0010000003519854122, 0.14285714285714285, 0.12, 0.11974232307155562, 0.10000173290875441, 0.013333333333333334, 0.10001992296418151, 0.1, 0.1000460604745937, 1.4, 0.001668661298080052, 0.0023361258173120727, 0.0003638470413229733, 174159.35886271112, 0, 2487.0, 3.0, 1.2, 1.8, 1, 75
CASES, Honduras, 8.859253338316651e-06, 0.11541586979926338, 0.010367423903289423, 0.14285714285714285, 0.12, 0.19376529242057489, 0.28614019848920913, 0.013157894736842105, 0.10001204344160271, 0.1, 0.10005349157073923, 1.4, 0.004365806874656637, 0.006112129624519291, 5.353487745884955e-07, 395185.3016285132, 0, 2784.0, 6.0, 2.4, 3.6, 2, 76
CASES, Azerbaijan, 9.999999999877201e-06, 0.15999999995457104, 0.003975794593191881, 0.14285714285714285, 0.12, 0.1288619540298873, 0.10000000376532954, 0.012048192771084338, 0.10000000050088066, 0.1, 0.11016739378191656, 1.4, 0.0013179085654017489, 0.0018450719915624482, 0.006948173114808109, 66592.26998703643, 0, 2740.7999999999997, 3.0, 1.2, 1.8, 1, 83
CASES, Sudan, 6.607551258370544e-06, 0.1326933581841432, 0.03115326917712342, 0.14285714285714285, 0.12, 3.070108218761192e-08, 0.1000001754473618, 0.013157894736842105, 0.10000004063622282, 0.1, 0.14999734972029483, 1.4, 0.006966055615480628, 0.009752477861672878, 1.7300050281221502e-12, 651019.2689605636, 0, 2487.6, 3.0, 1.2, 1.8, 1, 76
CASES, Iraq, 9.431476145886548e-06, 0.10344226568949705, 0.001000000014506508, 0.14285714285714285, 0.12, 0.19998462012293683, 0.324798788154566, 0.010869565217391304, 0.10000389361769807, 0.1, 0.10001554881814798, 1.4, 0.0035287744038661082, 0.004940284165412551, 0.003830669961811417, 166437.23726684463, 0, 3081.0, 3.0, 1.2, 1.8, 1, 92
CASES, Cameroon, 9.999999666784917e-06, 0.13125134802052232, 0.0010000000000000182, 0.14285714285714285, 0.12, 0.19999999926145567, 0.10000000000163639, 0.012987012987012988, 0.10000002860007413, 0.1, 0.10000005272587313, 1.4, 0.003365660645080727, 0.004711924903113018, 0.00538790055498084, 122054.9636597955, 0, 3261.6, 3.0, 1.2, 1.8, 1, 77
CASES, Sergipe, 9.993044328162832e-06, 0.15999162059582125, 0.0011888105110269, 0.14285714285714285, 0.12, 0.020520178074249985, 0.10012688093297918, 0.013513513513513514, 0.10092001662769945, 0.1, 0.10089950996982516, 1.4, 0.002215079994151737, 0.003101111991812432, 0.006852086863156193, 120272.2867309967, 0, 3547.2, 3.0, 1.2, 1.8, 1, 74
CASES, Rio_Grande_do_Norte, 9.99972557736879e-06, 0.15999787526206619, 0.0012158724423897193, 0.14285714285714285, 0.12, 0.07316168477621032, 0.1000013681201142, 0.013157894736842105, 0.10000195756611913, 0.1, 0.10001287723410145, 1.4, 0.00449204088542178, 0.006288857239590492, 0.002490861328028726, 132178.21827341063, 0, 3378.0, 3.0, 1.2, 1.8, 1, 76
CASES, Acre, 4.250487673639703e-06, 0.13052558953516408, 0.015718353141333304, 0.14285714285714285, 0.12, 0.00492210290707723, 0.2487610245128372, 0.014285714285714285, 0.10000677707954957, 0.1, 0.13764353166247567, 1.4, 0.0030271932810159107, 0.004238070593422275, 3.4500402534831665e-11, 743569.7319718668, 0, 3150.6, 9.0, 3.5999999999999996, 5.4, 3, 70
CASES, Australia, 9.999977273041612e-06, 0.15997143982032017, 0.002333660654468629, 0.14285714285714285, 0.12, 0.00030047596189290986, 0.10003714281780819, 0.008, 0.10000298398275713, 0.1, 0.1498253012986731, 1.4, 0.002193292500534868, 0.0030706095007488146, 0.010424899899400986, 138814.18898290076, 0, 4283.4, 3.0, 1.2, 1.8, 1, 125
CASES, Finland, 9.999999999921615e-06, 0.15999999920913194, 0.005329841833131515, 0.14285714285714285, 0.12, 0.007075301958660341, 0.10094999020867532, 0.008620689655172414, 0.10000000000522329, 0.1, 0.10000000004572249, 1.4, 0.004906725194279846, 0.006869415271991784, 0.006385802565818999, 105066.13580565283, 0, 4015.2, 3.0, 1.2, 1.8, 1, 116
CASES, Rio_Grande_do_Sul, 9.999801633669732e-06, 0.1299012826151056, 0.001170387756417763, 0.14285714285714285, 0.12, 0.04574805564620863, 0.10030257748122444, 0.012658227848101266, 0.10010045811377118, 0.1, 0.10056049732961686, 1.4, 0.003073131151029379, 0.00430238361144113, 0.003082708774719667, 141366.8001529894, 0, 4228.8, 3.0, 1.2, 1.8, 1, 79
CASES, Ghana, 9.528328585114495e-06, 0.1599999999999839, 0.013298731622023826, 0.14285714285714285, 0.12, 4.7645027226495e-05, 0.10000253727919342, 0.013157894736842105, 0.1148454469313491, 0.1, 0.14955649730161757, 1.4, 0.0006995351366425915, 0.000979349191299628, 0.002434077202480789, 233375.82810968356, 0, 4381.8, 6.0, 2.4, 3.6, 2, 76
CASES, Morocco, 9.99999999997331e-06, 0.15999993311586866, 0.04496860402268487, 0.14285714285714285, 0.12, 0.1999670903807232, 0.10035795499341818, 0.0125, 0.10000000035170706, 0.1, 0.10131754505652169, 1.4, 0.002766068941940449, 0.0038724965187166283, 0.00217742230643303, 105106.27904603371, 0, 4560.599999999999, 3.0, 1.2, 1.8, 1, 80
CASES, Alagoas, 9.999998841825597e-06, 0.159999999189791, 0.004716497387989955, 0.14285714285714285, 0.12, 0.02809892967620392, 0.10000269850628657, 0.012345679012345678, 0.10000611815317091, 0.1, 0.10000020425024621, 1.4, 0.005102617188587161, 0.007143664064022025, 0.00039024448932822864, 173574.61783645375, 0, 4548.0, 3.0, 1.2, 1.8, 1, 81
CASES, Moldova, 8.082735466381406e-06, 0.10184797978002345, 0.057604102852525395, 0.14285714285714285, 0.12, 0.11385650145313936, 0.10000012309263832, 0.0125, 0.10000066852178166, 0.1, 0.10000349535688587, 1.4, 0.0037726776439194172, 0.005281748701487184, 0.0005564277609129697, 305707.0855203243, 0, 4522.2, 3.0, 1.2, 1.8, 1, 80
CASES, Santa_Catarina, 5.554556115064679e-06, 0.10000138033005072, 0.0010000000021051954, 0.14285714285714285, 0.12, 0.1999993255975349, 0.10054155487570755, 0.013157894736842105, 0.14986762081351712, 0.1, 0.10000698227186472, 1.4, 0.0017390118363586745, 0.0024346165709021443, 0.0028478972993569718, 303514.3737175268, 0, 4423.2, 6.0, 2.4, 3.6, 2, 76
CASES, Malaysia, 9.9999889599291e-06, 0.15999998650579336, 0.00816868962818607, 0.14285714285714285, 0.12, 2.719998531797163e-06, 0.10000056486498411, 0.008064516129032258, 0.10664755673473941, 0.1, 0.14999088114562986, 1.4, 0.0022986342393053615, 0.003218087935027506, 0.0014601534807771044, 181088.62928953237, 0, 4571.4, 9.0, 3.5999999999999996, 5.4, 3, 124
CASES, Distrito_Federal, 5.14825556431694e-06, 0.15999999604314247, 0.0010000000185438006, 0.14285714285714285, 0.12, 0.05581926059934447, 0.10000000000330114, 0.006993006993006993, 0.10000000074769774, 0.1, 0.10315269553689828, 1.4, 0.0017985459499747604, 0.0025179643299646647, 0.0006240073234611287, 190724.52164405302, 0, 4656.599999999999, 3.0, 1.2, 1.8, 1, 143
CASES, Amapa, 9.803149650785722e-06, 0.1598776084353145, 0.0010012502544048652, 0.14285714285714285, 0.12, 0.06272674983005007, 0.11921667433719274, 0.014492753623188406, 0.10000015414697395, 0.1, 0.10200981780746564, 1.4, 0.002510462164976629, 0.00351464703096728, 0.0038209753553610226, 144709.4997538376, 0, 4571.4, 3.0, 1.2, 1.8, 1, 69
CASES, Bolivia, 6.744933592243476e-06, 0.1206477386922054, 0.01378135629664427, 0.14285714285714285, 0.12, 0.09139294382365022, 0.2510893318817333, 0.012987012987012988, 0.10000342767855584, 0.1, 0.10568634217730354, 1.4, 0.003951946555775239, 0.005532725178085334, 1.887379141862766e-15, 497490.6741910833, 0, 4660.8, 6.0, 2.4, 3.6, 2, 77
CASES, Norway, 9.99999901919912e-06, 0.15999998274197824, 0.17955848070024558, 0.14285714285714285, 0.12, 9.999656880310682e-10, 0.3999937713001783, 0.010869565217391304, 0.14999997917233493, 0.1, 0.14921328188416444, 1.4, 0.004303524943885449, 0.006024934921439629, 0.007013278829574587, 239018.71873505518, 0, 5029.8, 3.0, 1.2, 1.8, 1, 92
CASES, Oman, 4.823730208673399e-06, 0.15999999901676695, 0.001000475390010811, 0.14285714285714285, 0.12, 0.12270879875427282, 0.10000000045526682, 0.011363636363636364, 0.10000001870227321, 0.1, 0.11593367047624781, 1.4, 0.0005285518270062887, 0.0007399725578088041, 0.0011508345505458206, 275343.9860376534, 0, 5023.8, 6.0, 2.4, 3.6, 2, 88
CASES, Armenia, 9.999981192787113e-06, 0.156897584900695, 0.014597982362275372, 0.14285714285714285, 0.12, 0.08339204005031434, 0.1000149593420197, 0.0125, 0.1000000207263415, 0.1, 0.11542106407703152, 1.4, 0.0014735883636723672, 0.002063023709141314, 0.00842030552653844, 48194.09607668713, 0, 4664.4, 3.0, 1.2, 1.8, 1, 80
CASES, Czechia, 4.997513215375312e-06, 0.15999831107973853, 0.0780103340710926, 0.14285714285714285, 0.12, 0.013408514874715028, 0.2583750491437732, 0.011363636363636364, 0.10000115814478301, 0.1, 0.10011936981533859, 1.4, 0.0036193226401485153, 0.005067051696207921, 0.056249749298830976, 45395.368126185895, 0, 5451.599999999999, 9.0, 3.5999999999999996, 5.4, 3, 88
CASES, Algeria, 1.0418383127708265e-10, 0.15883338497379224, 0.02159676190909956, 0.14285714285714285, 0.12, 0.0017279142635896916, 0.11247556440834652, 0.011363636363636364, 0.12640246066553606, 0.1, 0.10000017673145571, 1.4, 0.0075662023443887425, 0.010592683282144239, 0.9634907335727964, 83100.66287488627, 0, 5314.2, 3.0, 1.2, 1.8, 1, 88
CASES, Nigeria, 1.5244826387726136e-06, 0.15998566572434633, 0.03220659330757928, 0.14285714285714285, 0.12, 6.52145004664817e-13, 0.10000000306576814, 0.0125, 0.14999987428992473, 0.1, 0.1499617830011417, 1.4, 0.004492309574512324, 0.006289233404317253, 0.0001034471915696833, 2145360.580762783, 0, 5239.8, 3.0, 1.2, 1.8, 1, 80
CASES, Kazakhstan, 7.997337698122458e-06, 0.10000577163761701, 0.0010007509150539477, 0.14285714285714285, 0.12, 0.19889228590661592, 0.3837350760051528, 0.013333333333333334, 0.10000003339920813, 0.1, 0.14975704707828164, 1.4, 0.0005808796248974126, 0.0008132314748563776, 0.004889560967551665, 257760.7285973315, 0, 5745.599999999999, 18.0, 7.199999999999999, 10.8, 6, 75
CASES, South_Korea, 9.999932813771918e-06, 0.15995645723600213, 0.04633335034104936, 0.14285714285714285, 0.12, 0.04710967222681797, 0.10000658645428062, 0.007692307692307693, 0.10000366435679625, 0.1, 0.127703518820693, 1.4, 0.0031017829853513695, 0.004342496179491917, 0.03269301838667321, 30850.204255317945, 0, 6806.4, 3.0, 1.2, 1.8, 1, 130
CASES, Serbia, 1.4420367993865898e-06, 0.11764992143602736, 0.0013886606779369098, 0.14285714285714285, 0.12, 0.0942396948639808, 0.10385450065887868, 0.0125, 0.11183293922297645, 0.1, 0.10870580764922057, 1.4, 0.0023642404925974564, 0.003309936689636439, 0.9565558182542933, 97616.19275267195, 0, 6765.0, 3.0, 1.2, 1.8, 1, 80
CASES, Bahrain, 9.999990656044904e-06, 0.1599999999506408, 0.001000006644742181, 0.14285714285714285, 0.12, 0.09711229591106058, 0.10000000028654499, 0.010638297872340425, 0.10000000001988514, 0.1, 0.10064108714500171, 1.4, 0.00015695740353244186, 0.0002197403649454186, 0.0020634302401658644, 122677.03895775184, 0, 5779.8, 3.0, 1.2, 1.8, 1, 94
CASES, Paraiba, 9.99997951766184e-06, 0.15999999454749592, 0.0010000027481803613, 0.14285714285714285, 0.12, 0.022780583145719003, 0.1000008547012678, 0.014285714285714285, 0.10000004004494577, 0.1, 0.10000056530097287, 1.4, 0.0030067771627171743, 0.004209488027804044, 0.0016498705421544857, 173700.6067325873, 0, 6125.4, 3.0, 1.2, 1.8, 1, 70
CASES, Afghanistan, 9.875397984205094e-06, 0.1599999997271199, 0.11358182608882621, 0.14285714285714285, 0.12, 0.007003905256929944, 0.10000325371043839, 0.011904761904761904, 0.1000000225850836, 0.1, 0.10004011419510792, 1.4, 0.0018569879730386376, 0.0025997831622540926, 6.473412611507356e-08, 1085303.5554038908, 0, 7473.599999999999, 3.0, 1.2, 1.8, 1, 84
CASES, Espirito_Santo, 9.999973368227377e-06, 0.1597892294370061, 0.0010000007373007055, 0.14285714285714285, 0.12, 0.02725143456769792, 0.10026354302893196, 0.012048192771084338, 0.10000285541750699, 0.1, 0.10363948979259918, 1.4, 0.004826371938760428, 0.006756920714264599, 0.0027298284809443296, 136847.37022433867, 0, 6890.4, 3.0, 1.2, 1.8, 1, 83
CASES, Denmark, 9.999999821095988e-06, 0.15999940247424443, 0.018146778394525453, 0.14285714285714285, 0.12, 0.0016154926220834033, 0.19527333066859476, 0.010869565217391304, 0.10015733595891593, 0.1, 0.14974205429591642, 1.4, 0.00775119199974281, 0.010851668799639934, 0.027859680167975465, 141249.56451711926, 0, 6888.0, 3.0, 1.2, 1.8, 1, 92
CASES, Panama, 1.673843433253053e-10, 0.1571738864002174, 0.03184551850245021, 0.14285714285714285, 0.12, 0.020443797707814015, 0.2321790615142938, 0.0125, 0.1023319553699446, 0.1, 0.10042854388830277, 1.4, 0.0027718383707014257, 0.003880573718981996, 0.02506172810039231, 90943.90414047058, 0, 7036.8, 3.0, 1.2, 1.8, 1, 80
CASES, Philippines, 9.999999641818165e-06, 0.1599997505947552, 0.02099968462354993, 0.14285714285714285, 0.12, 0.01510581637558569, 0.10000000014017361, 0.008620689655172414, 0.1000000348247242, 0.1, 0.10025544659691135, 1.4, 0.00640727633252795, 0.00897018686553913, 0.0001594563780177305, 263377.53240171395, 0, 9029.4, 3.0, 1.2, 1.8, 1, 116
CASES, Dominican_Republic, 4.8719945628124635e-06, 0.10000388466719508, 0.2722116914007219, 0.14285714285714285, 0.12, 0.005161113405391816, 0.10432168541789841, 0.012658227848101266, 0.1301938867512425, 0.1, 0.13152053812338244, 1.4, 0.004088185131515724, 0.005723459184122013, 0.01531215048371709, 200014.00643296613, 0, 9433.8, 3.0, 1.2, 1.8, 1, 79
CASES, Bahia, 9.596946042261117e-06, 0.15999999964137593, 0.0010000000122315747, 0.14285714285714285, 0.12, 0.07614481002601009, 0.10000511087994371, 0.012048192771084338, 0.10000065235615503, 0.1, 0.10011676573801097, 1.4, 0.0036565102556492075, 0.00511911435790889, 0.0012142202322042994, 158410.82552562788, 0, 9042.0, 3.0, 1.2, 1.8, 1, 83
CASES, Argentina, 2.131318617422229e-07, 0.12998074911075164, 0.0010000000226363759, 0.14285714285714285, 0.12, 0.1999998323729325, 0.3999171646194093, 0.012048192771084338, 0.14999985691507323, 0.1, 0.1013933650937041, 1.4, 0.0037776961659353237, 0.005288774632309453, 0.00044045564072797694, 7711755.870407456, 0, 8352.0, 3.0, 1.2, 1.8, 1, 83
CASES, Israel, 9.999680891381679e-06, 0.15999999998822867, 0.09160584126865619, 0.14285714285714285, 0.12, 0.19998879257604113, 0.3999854914182557, 0.010638297872340425, 0.14999999999994945, 0.1, 0.1499999962483896, 1.4, 0.002552688889643743, 0.0035737644455012397, 0.0001266532592921754, 1001771.2890568279, 0, 10075.8, 3.0, 1.2, 1.8, 1, 94
CASES, Japan, 9.999884482223145e-06, 0.15998682211169463, 0.0010007130708576493, 0.14285714285714285, 0.12, 0.009833552934987656, 0.10003556448661347, 0.007407407407407408, 0.10000124286232655, 0.1, 0.10009670882539665, 1.4, 0.005438040661824246, 0.007613256926553944, 0.00039789379612598097, 151170.88889524693, 0, 9990.6, 3.0, 1.2, 1.8, 1, 135
CASES, Austria, 9.999101446057936e-06, 0.15614981665430572, 0.3299764768260705, 0.14285714285714285, 0.12, 0.19999999997952772, 0.34109044609489736, 0.010869565217391304, 0.14999999989041735, 0.1, 0.11097959479539544, 1.4, 0.004501064681054577, 0.006301490553476408, 0.012252936739123421, 43820.969850129724, 0, 9898.199999999999, 6.0, 2.4, 3.6, 2, 92
CASES, Romania, 9.954070668926242e-06, 0.1599999817110038, 0.043835922247895204, 0.14285714285714285, 0.12, 0.10075629817659415, 0.15273957412591618, 0.011111111111111112, 0.11117456163918407, 0.1, 0.1000286420456234, 1.4, 0.0070178368145965425, 0.009824971540435158, 0.0012177309295831606, 260725.44077143483, 0, 11156.4, 3.0, 1.2, 1.8, 1, 90
CASES, Kuwait, 6.234159514119598e-06, 0.15999567028747008, 0.0010002571309128876, 0.14285714285714285, 0.12, 0.022743118547926145, 0.10036843867490874, 0.010869565217391304, 0.10000004702244888, 0.1, 0.11086258614462341, 1.4, 0.000840159041023259, 0.0011762226574325626, 0.0004279657715918206, 252549.59135619947, 0, 13960.199999999999, 9.0, 3.5999999999999996, 5.4, 3, 92
CASES, Poland, 9.535352711026473e-06, 0.15997763515663763, 0.09798815235580167, 0.14285714285714285, 0.12, 0.08899512630419243, 0.15581305199060125, 0.011904761904761904, 0.10007159202051022, 0.1, 0.14999995812409633, 1.4, 0.007190485285687621, 0.01006667939996267, 0.0006229661355710014, 517915.68711953604, 0, 13483.8, 3.0, 1.2, 1.8, 1, 84
CASES, Egypt, 6.279569530726467e-06, 0.11136656278248877, 0.01653900742898078, 0.14285714285714285, 0.12, 0.16604656287299063, 0.10892096319172481, 0.01, 0.10000006206894521, 0.1, 0.10008072056459166, 1.4, 0.004332406789427415, 0.0060653695051983815, 5.551115123125783e-17, 566593.1941394879, 0, 11799.6, 3.0, 1.2, 1.8, 1, 100
CASES, Ukraine, 9.999999991967592e-06, 0.1599999981836581, 0.09006609306487032, 0.14285714285714285, 0.12, 0.005208483850539492, 0.10001361001628782, 0.013157894736842105, 0.1000000000608686, 0.1, 0.10105981408863327, 1.4, 0.003108047768532943, 0.00435126687594612, 0.0008158072780013459, 730043.3311186542, 0, 12950.4, 3.0, 1.2, 1.8, 1, 76
CASES, Ireland, 9.999999999676109e-06, 0.15999575991671278, 0.005175484949955845, 0.14285714285714285, 0.12, 0.0072309992074068965, 0.10003705054837293, 0.011494252873563218, 0.14999998473754586, 0.1, 0.1499989315149705, 1.4, 0.010557925828625796, 0.014781096160076113, 0.012226907089115557, 269125.0299934704, 0, 14881.8, 3.0, 1.2, 1.8, 1, 87
CASES, South_Africa, 3.2165170651596767e-06, 0.15997435569674667, 0.04152885565608614, 0.14285714285714285, 0.12, 0.09999481012694522, 0.10000000519732107, 0.012195121951219513, 0.10000001888193367, 0.1, 0.10000005590918469, 1.4, 0.0021745137231384657, 0.003044319212393852, 4.4850743064484e-06, 1498977.7254567011, 0, 15562.199999999999, 3.0, 1.2, 1.8, 1, 82
CASES, Indonesia, 3.090495434877615e-06, 0.11354130149749135, 0.0010000412717309972, 0.14285714285714285, 0.12, 0.19999992824577953, 0.3999996077741117, 0.012345679012345678, 0.10000000608052485, 0.1, 0.10000703705047428, 1.4, 0.006582820876546099, 0.009215949227164538, 0.006356028506189604, 558588.9848108542, 0, 14310.6, 6.0, 2.4, 3.6, 2, 81
CASES, Colombia, 3.169255265950133e-08, 0.12899876275725053, 0.003304247693589934, 0.14285714285714285, 0.12, 1.4951373472626984e-13, 0.39998760347740614, 0.012658227848101266, 0.10000001695709346, 0.1, 0.12259980413857782, 1.4, 0.004225039385574781, 0.005915055139804694, 0.00039974066231807104, 32203648.67410501, 0, 14462.4, 3.0, 1.2, 1.8, 1, 79
CASES, Switzerland, 9.999982049867743e-06, 0.15999999826596847, 0.007466966464723413, 0.14285714285714285, 0.12, 0.002707658458833029, 0.10002256848219082, 0.010752688172043012, 0.1000014422554006, 0.1, 0.10377915457888015, 1.4, 0.005887646570611265, 0.00824270519885577, 0.023692824960404035, 373491.197302599, 0, 18406.8, 3.0, 1.2, 1.8, 1, 93
CASES, Para, 7.784691336406496e-06, 0.13551647683991214, 0.0262439230911664, 0.14285714285714285, 0.12, 0.09237692377569007, 0.15798336559583948, 0.014285714285714285, 0.10008251616184766, 0.1, 0.10000643311398132, 1.4, 0.008934160779102866, 0.012507825090744011, 1.0743350653541484e-11, 634594.5250861312, 0, 18619.8, 3.0, 1.2, 1.8, 1, 70
CASES, Pernambuco, 4.409392594318775e-06, 0.15999997573348332, 0.021317206568051104, 0.14285714285714285, 0.12, 0.05553912641137881, 0.20068700845689827, 0.012987012987012988, 0.11893458341124893, 0.1, 0.10002072496954863, 1.4, 0.008992428298599177, 0.012589399618038847, 0.0002558751433154871, 679678.5259459824, 0, 17951.399999999998, 6.0, 2.4, 3.6, 2, 77
CASES, Maranhao, 8.812067084920665e-06, 0.12773952458540586, 0.0010000113972219236, 0.14285714285714285, 0.12, 0.19999999875681815, 0.21346195828963413, 0.014705882352941176, 0.1000005106393727, 0.1, 0.1000069660557678, 1.4, 0.003372842877019213, 0.004721980027826898, 0.0011240808653995016, 297400.2919513233, 0, 15687.0, 3.0, 1.2, 1.8, 1, 68
CASES, Singapore, 4.584848882455591e-06, 0.15999999918217542, 0.0010000006705572248, 0.14285714285714285, 0.12, 0.00036523509201651376, 0.39999792846436255, 0.007936507936507936, 0.10000000013963516, 0.1, 0.14289740014520277, 1.4, 0.00010004079394087798, 0.00014005711151722917, 4.072381321051921e-11, 412918.90712438955, 0, 19725.6, 9.0, 3.5999999999999996, 5.4, 3, 126
CASES, United_Arab_Emirates, 9.810060770723729e-06, 0.15977858101839043, 0.01187496535734417, 0.14285714285714285, 0.12, 0.06368372656374635, 0.131965199711439, 0.008547008547008548, 0.10000562617557145, 0.1, 0.13749775547980359, 1.4, 0.0011055662372248822, 0.001547792732114835, 1.2545520178264269e-14, 256794.51911939192, 0, 19181.399999999998, 3.0, 1.2, 1.8, 1, 117
CASES, Portugal, 9.999959409247535e-06, 0.15994367997645778, 0.040966732821150494, 0.14285714285714285, 0.12, 0.006534820569153055, 0.10000525323130807, 0.011494252873563218, 0.12967053911530999, 0.1, 0.11491503897051744, 1.4, 0.005205264325361493, 0.00728737005550609, 0.008400109671493128, 409099.4543999019, 0, 18775.2, 6.0, 2.4, 3.6, 2, 87
CASES, Amazonas, 9.999818205099699e-06, 0.1599999570736826, 0.0010000000019747782, 0.14285714285714285, 0.12, 0.061898623438191906, 0.10004447783457562, 0.013513513513513514, 0.1000000228532283, 0.1, 0.10000290158363824, 1.4, 0.005981133152881675, 0.008373586414034344, 0.0019076323080830515, 172897.49207977712, 0, 20104.8, 3.0, 1.2, 1.8, 1, 74
CASES, Sweden, 9.09423499511939e-06, 0.159910221267695, 0.02783567330977149, 0.14285714285714285, 0.12, 0.03641515494495475, 0.10746887929437386, 0.00847457627118644, 0.10000000000653021, 0.1, 0.10004912934108118, 1.4, 0.013677832247614439, 0.019148965146660212, 1.2995160503237457e-13, 434328.4492119961, 0, 21052.8, 3.0, 1.2, 1.8, 1, 118
CASES, Ecuador, 9.999985548539524e-06, 0.15999974683774207, 0.001000140636795376, 0.14285714285714285, 0.12, 0.031157296252852254, 0.1000134685732461, 0.011904761904761904, 0.11633114110034187, 0.1, 0.10312838765495072, 1.4, 0.009697526977430907, 0.01357653776840327, 0.009996474297341407, 168973.35587412567, 0, 22861.8, 3.0, 1.2, 1.8, 1, 84
CASES, Ceara, 2.3665379519260538e-06, 0.1599999327625529, 0.10875247263698724, 0.14285714285714285, 0.12, 8.567578033291668e-06, 0.12968741502209538, 0.013888888888888888, 0.10001987566623978, 0.1, 0.1499788523727877, 1.4, 0.011576508920579006, 0.01620711248881061, 4.225418082093313e-08, 4838935.067868947, 0, 22365.0, 15.0, 6.0, 9.0, 5, 72
CASES, Bangladesh, 7.3372007677664434e-06, 0.15998326807369484, 0.00872746659454138, 0.14285714285714285, 0.12, 0.16389651069342503, 0.19729402274699134, 0.013333333333333334, 0.10000165222396416, 0.1, 0.10002715161968417, 1.4, 0.0014415272459761628, 0.0020181381443666276, 0.0005390276931542815, 340671.2236424511, 0, 22975.2, 9.0, 3.5999999999999996, 5.4, 3, 75
CASES, Belarus, 9.99458039468945e-06, 0.15982925523925798, 0.04717415036525488, 0.14285714285714285, 0.12, 0.02515254425867013, 0.1000000725265343, 0.012195121951219513, 0.1000000331875034, 0.1, 0.10629992219100286, 1.4, 0.0005841426597904571, 0.00081779972370664, 6.932249779073585e-05, 570048.3974576214, 0, 22835.399999999998, 3.0, 1.2, 1.8, 1, 82
CASES, Netherlands, 9.997018858049433e-06, 0.1599973144101538, 0.002662482901830297, 0.14285714285714285, 0.12, 0.03336591394841822, 0.10000053762901796, 0.01098901098901099, 0.10000872341937823, 0.1, 0.10021831785407721, 1.4, 0.0147475184630746, 0.02064652584830444, 0.03031927997250433, 155796.12848793206, 0, 27460.8, 3.0, 1.2, 1.8, 1, 91
CASES, Rio_de_Janeiro, 4.464219397306187e-06, 0.1336443329157369, 0.0010000008386718301, 0.14285714285714285, 0.12, 0.19997297853123164, 0.21191320990693197, 0.011904761904761904, 0.10001462300603628, 0.1, 0.1000787131284089, 1.4, 0.012194387160488, 0.0170721420246832, 0.0009748091063236375, 498845.9176206651, 0, 25438.8, 3.0, 1.2, 1.8, 1, 84
CASES, Qatar, 7.5799529611948915e-06, 0.13953226177887584, 0.0012823877929215223, 0.14285714285714285, 0.12, 0.09779848028495107, 0.16323681835040244, 0.011764705882352941, 0.10000063669945784, 0.1, 0.10006872708988739, 1.4, 6.137052175514896e-05, 8.591873045720854e-05, 0.0015762271286590135, 236126.22168721232, 0, 29368.2, 3.0, 1.2, 1.8, 1, 85
CASES, Pakistan, 7.504873068204505e-07, 0.15999809953213517, 0.00890764679656069, 0.14285714285714285, 0.12, 0.022499683505404947, 0.25208790530991576, 0.011494252873563218, 0.1499996998339982, 0.1, 0.13692178528989013, 1.4, 0.002876939807982083, 0.004027715731174916, 0.000711053742310841, 2519278.481309951, 0, 36736.2, 6.0, 2.4, 3.6, 2, 87
CASES, Belgium, 3.912337634426055e-06, 0.1599999621787308, 0.017038661603070483, 0.14285714285714285, 0.12, 0.004194507656850821, 0.10000000001214111, 0.008695652173913044, 0.10000000004666489, 0.1, 0.1499995863619591, 1.4, 0.029124079926461495, 0.04077371189704609, 1.2423395645555502e-13, 1122863.6598152916, 0, 34555.2, 3.0, 1.2, 1.8, 1, 115
CASES, Saudi_Arabia, 3.6243045934296006e-07, 0.1499147107801045, 0.016512953076264148, 0.14285714285714285, 0.12, 0.0016762759157795126, 0.10000166291145578, 0.011904761904761904, 0.14888561140002543, 0.1, 0.10000583908038932, 1.4, 0.0005440944442772987, 0.0007617322219882182, 0.0006428981629105213, 6012077.2251961, 0, 47124.6, 3.0, 1.2, 1.8, 1, 84
CASES, Mexico, 1.7668699176177068e-06, 0.15051313488779067, 0.03619999650083188, 0.14285714285714285, 0.12, 0.10002155613686355, 0.10649339045049877, 0.012345679012345678, 0.10000035141737919, 0.1, 0.10000039475556535, 1.4, 0.012245253529367546, 0.017143354941114564, 4.181773625455687e-05, 2469982.9470945206, 0, 44736.0, 6.0, 2.4, 3.6, 2, 81
CASES, China, 5.853475206994339e-06, 0.15999770763638338, 0.06172823977526399, 0.14285714285714285, 0.12, 0.199999259038362, 0.24592746547499494, 0.006666666666666667, 0.14994599450345075, 0.1, 0.14997444861969156, 1.4, 0.008752975948786046, 0.012254166328300464, 4.996003610813204e-16, 1432422.4890820202, 0, 50463.6, 81.0, 32.4, 48.6, 27, 150
CASES, Sao_Paulo, 2.272724379483808e-06, 0.15999999927527164, 0.11511802858984596, 0.14285714285714285, 0.12, 0.016565324691750927, 0.10000656170959467, 0.010869565217391304, 0.1265676661181623, 0.1, 0.10001593296186115, 1.4, 0.008110412367133562, 0.011354577313986987, 8.424775714277466e-07, 6283890.405512464, 0, 53689.799999999996, 3.0, 1.2, 1.8, 1, 92
CASES, Chile, 4.077014451425395e-06, 0.1336941696238258, 0.0010000000058872785, 0.14285714285714285, 0.12, 0.19998963950677934, 0.14783343199920385, 0.011764705882352941, 0.10000527266435928, 0.1, 0.10001225082584916, 1.4, 0.001032687149402553, 0.0014457620091635742, 0.0007784216903541363, 512259.29005404696, 0, 49373.4, 3.0, 1.2, 1.8, 1, 85
CASES, France, 6.453227312070367e-06, 0.15999084767610044, 0.0010011376274302217, 0.14285714285714285, 0.12, 0.036279890913901984, 0.2595965955869633, 0.008, 0.10000165437138045, 0.1, 0.1478298794394871, 1.4, 0.03608487607726482, 0.050518826508170744, 4.4956330186307625e-07, 446285.2755395804, 0, 87447.59999999999, 9.0, 3.5999999999999996, 5.4, 3, 125
CASES, Iran, 5.483152395370684e-06, 0.11029885240826412, 0.06804177644283776, 0.14285714285714285, 0.12, 0.12384375736454177, 0.3999171922201661, 0.010101010101010102, 0.1000115707802176, 0.1, 0.10118622835063754, 1.4, 0.005710585413716806, 0.007994819579203529, 0.0013021650194514622, 1135816.3124500297, 0, 84954.59999999999, 6.0, 2.4, 3.6, 2, 99
CASES, Peru, 5.702308096438281e-07, 0.13469649668273323, 0.06534075946510945, 0.14285714285714285, 0.12, 0.002684130597630874, 0.10000000037168809, 0.012195121951219513, 0.14999999973348832, 0.1, 0.1499990177773619, 1.4, 0.004528782824754268, 0.006340295954655974, 4.245131983560135e-05, 14386557.979026295, 0, 81543.0, 3.0, 1.2, 1.8, 1, 82
CASES, India, 9.395305526555032e-07, 0.13229209257196128, 0.011976095331771484, 0.14285714285714285, 0.12, 0.06235581211757871, 0.14775651877201762, 0.008403361344537815, 0.10000213603834414, 0.1, 0.10831176283972743, 1.4, 0.0031908596599966514, 0.004467203523995312, 6.033857413711985e-08, 2640541.339966242, 0, 94999.8, 3.0, 1.2, 1.8, 1, 119
CASES, Italy, 2.9767530263083476e-06, 0.15999998073875593, 0.01732716364752362, 0.14285714285714285, 0.12, 0.04265426164382119, 0.10000042095839316, 0.008403361344537815, 0.1000004122067885, 0.1, 0.10000036699330972, 1.4, 0.016697441457702387, 0.02337641804078334, 0.0002484994194071888, 1172316.5051249901, 0, 138683.4, 9.0, 3.5999999999999996, 5.4, 3, 119
CASES, Turkey, 9.969031183729665e-06, 0.1599999912547169, 0.03568134349841904, 0.14285714285714285, 0.12, 0.08536187095423228, 0.10000000214145328, 0.013157894736842105, 0.1000004885013876, 0.1, 0.10043782841490524, 1.4, 0.0028609149194463667, 0.004005280887224913, 0.009659265810814333, 373114.25437339576, 0, 95257.2, 3.0, 1.2, 1.8, 1, 76
CASES, Germany, 7.843309182819586e-06, 0.15273899564574783, 0.007964557074447567, 0.14285714285714285, 0.12, 0.07686644360752429, 0.1255588530762447, 0.00819672131147541, 0.10181734933350106, 0.1, 0.11964799044520641, 1.4, 0.005874629304488057, 0.00822448102628328, 2.431929560509083e-06, 475395.3641729827, 0, 107830.2, 3.0, 1.2, 1.8, 1, 122
CASES, Spain, 4.441828102061664e-06, 0.15999982646180105, 0.011740365620023473, 0.14285714285714285, 0.12, 0.021256126424292355, 0.3999646311584012, 0.008547008547008548, 0.10000019678689179, 0.1, 0.10902098925249776, 1.4, 0.014101679393607635, 0.019742351151050688, 2.220446049250313e-16, 1245794.8684733703, 0, 142061.4, 3.0, 1.2, 1.8, 1, 117
CASES, Brasil, 4.978041902703507e-07, 0.15759921423034767, 0.0026057111031769775, 0.14285714285714285, 0.12, 0.14108107042303808, 0.1005542001867979, 0.010869565217391304, 0.10636806943476469, 0.1, 0.10019841725718256, 1.4, 0.006640927870554988, 0.009297299018776982, 0.0004061983775960898, 3679996.4476395473, 0, 247092.59999999998, 3.0, 1.2, 1.8, 1, 92
CASES, Russia, 3.753122885752571e-06, 0.10000000028370433, 0.2571465765741814, 0.14285714285714285, 0.12, 0.15243818643006518, 0.1000000013328027, 0.00847457627118644, 0.10152618114226297, 0.1, 0.11194353373501191, 1.4, 0.0012112828101085518, 0.0016957959341519725, 0.0013193214344668913, 1839720.1756149689, 0, 222408.0, 6.0, 2.4, 3.6, 2, 118
CASES, United_Kingdom, 4.2720069301392944e-08, 0.15999999929314485, 0.02222144611636347, 0.14285714285714285, 0.12, 6.135004482210605e-09, 0.1000104591524698, 0.008403361344537815, 0.14995797829211646, 0.1, 0.1499999999923764, 1.4, 0.024453825396964137, 0.03423535555574979, 8.688921986665932e-05, 61329616.00938038, 0, 160344.0, 6.0, 2.4, 3.6, 2, 119
CASES, Brazil, 3.85536659962229e-07, 0.15999492274489618, 0.001000000091144736, 0.14285714285714285, 0.12, 0.019570151935208335, 0.10744595543211048, 0.010752688172043012, 0.10155520803527605, 0.1, 0.1044263505777969, 1.4, 0.006921145871919707, 0.009689604220687589, 0.0035510059586961185, 3192319.4376550093, 0, 247092.59999999998, 3.0, 1.2, 1.8, 1, 93
CASES, Canada, 6.845939164956727e-07, 0.15999977231399676, 0.022995162027511413, 0.14285714285714285, 0.12, 7.072662455698265e-11, 0.10000061353061059, 0.008064516129032258, 0.14999931619836726, 0.1, 0.12529559782822997, 1.4, 0.010497810575628546, 0.014696934805879963, 1.8304188986073555e-05, 5709680.634546792, 0, 52504.799999999996, 3.0, 1.2, 1.8, 1, 124
CASES, United_States_of_America, 1.6785526126337937e-07, 0.15999976764444507, 0.08532171536590032, 0.14285714285714285, 0.12, 0.004218107903025725, 0.10000326988209171, 0.007751937984496124, 0.10000028656297884, 0.1, 0.10000459078753335, 1.4, 0.006279910989109301, 0.00879187538475302, 5.551115123125783e-17, 87252624.40091431, 0, 1019959.7999999999, 3.0, 1.2, 1.8, 1, 129
