,tag,ct,beta,theta,p,sigma,rho,epsilonA,epsilonI,lambda0,gammaA,gammaI,gammaD,cD,dD,dI,delta,S0,R0,Q0,E0,A0,I0,D0,day
81,CASES,Acre,9.999583464705584e-06,0.15999999975048518,0.00282018493323747,0.14285714285714285,0.12,0.005212037901363809,0.10004562318954817,0.013157894736842105,0.10000003938077462,0.1,0.10000208619065512,1.4,0.002619102257374301,0.003666743160324021,0.0012919238201777874,174658.9168579821,0,3879.0,9.0,3.6,5.4,3,76
115,CASES,Afghanistan,9.876756809734973e-06,0.15998521613257333,0.11354975788163416,0.14285714285714285,0.12,0.007004861705598975,0.10001463130886737,0.011111111111111113,0.10002171830269004,0.1,0.1000000001175188,1.4,0.0016626639590941608,0.002327729542731825,6.51084062219809e-08,48069.1168171469,0,9905.4,3.0,1.2,1.8,1,90
105,CASES,Alagoas,6.665877886226414e-07,0.15999999786923166,0.002305485189690746,0.14285714285714285,0.12,0.013170114991821979,0.1000012693844926,0.011494252873563218,0.10000609372718368,0.1,0.1005875739502136,1.4,0.004376926121152204,0.006127696569613084,0.00027957580300774776,2032067.2678212638,0,6935.4,3.0,1.2,1.8,1,87
29,CASES,Albania,9.999999978528427e-06,0.15999994926523506,0.3085274995311293,0.14285714285714285,0.12,0.19999999778018865,0.39999416977003655,0.011494252873563218,0.14998945286961146,0.1,0.10052875416151616,1.4,0.0029331997235455647,0.0041064796129637905,0.00026279922382949067,106975.03068316387,0,698.4,6.0,2.4,3.6,2,87
102,CASES,Algeria,5.283040299718208e-06,0.10018959265232527,0.00818183172666553,0.14285714285714285,0.12,0.1999999930452532,0.3953405299183997,0.010638297872340424,0.10038487916509736,0.1,0.14989034704556542,1.4,0.011159377327758915,0.015623128258862484,0.0010590132440132516,335899.80629018036,0,5775.5999999999985,3.0,1.2,1.8,1,94
98,CASES,Amapa,9.998534474437483e-06,0.15999276226362535,0.0010000042630082463,0.14285714285714285,0.12,0.07020404697315674,0.10472151879909404,0.013333333333333334,0.10000009722583683,0.1,0.10008419268481468,1.4,0.0023087360002239715,0.00323223040031356,0.002609340768648105,143283.4168820428,0,6306.5999999999985,3.0,1.2,1.8,1,75
140,CASES,Amazonas,9.999073472287116e-06,0.1306204255279109,0.05998057765075779,0.14285714285714285,0.12,0.04372798984978746,0.2050086689624601,0.0125,0.10032591486213213,0.1,0.13346775166585614,1.4,0.006827177718872548,0.009558048806421566,0.0036607910251599267,271509.37727098126,0,25917.0,3.0,1.2,1.8,1,80
75,CASES,Andorra,9.999999390906216e-06,0.15987059916306778,0.22549788454039116,0.14285714285714285,0.12,0.09688391794424092,0.39999827224297735,0.012195121951219513,0.11173877124261247,0.1,0.14999999836424588,1.4,0.009646910361382774,0.013505674505935884,0.1601842768235608,1013.1333104559449,0,506.4,3.0,1.2,1.8,1,82
119,CASES,Argentina,4.55778868351402e-06,0.12728000922077595,0.0010000000038212944,0.14285714285714285,0.12,0.19999875283966428,0.10005377461442087,0.011235955056179777,0.10000078962186897,0.1,0.10000586692110323,1.4,0.003208171521571164,0.004491440130199629,0.0018022805457603157,334660.59399821854,0,10983.6,3.0,1.2,1.8,1,89
97,CASES,Armenia,9.083722387404351e-06,0.10000000000007753,0.0010000000555854516,0.14285714285714285,0.12,0.1999999654767721,0.10000000045402098,0.011627906976744186,0.10000000004462216,0.1,0.10000006889685843,1.4,0.001603899186448445,0.002245458861027823,0.001779618838711916,188966.3766361364,0,6005.4,3.0,1.2,1.8,1,86
85,CASES,Australia,9.999996694664524e-06,0.15999201570102792,0.0010765376535325868,0.14285714285714285,0.12,1.2959933858747165e-05,0.10000005864014623,0.0076335877862595426,0.10005550663319493,0.1,0.14999584707992986,1.4,0.002149118752936205,0.0030087662541106873,0.013814143654310884,137805.85244080526,0,4332.5999999999985,3.0,1.2,1.8,1,131
142,CASES,Austria,9.999910693588876e-06,0.10002806989766494,0.16310470662425294,0.14285714285714285,0.12,0.1999999999211601,0.3999849768509106,0.010101010101010102,0.14999999990495905,0.1,0.14999970793030515,1.4,0.006269903443009942,0.008777864820213921,8.65973959207622e-15,2883053.6437450773,0,10004.4,6.0,2.4,3.6,2,99
82,CASES,Azerbaijan,9.999998843266844e-06,0.13019099545614676,0.0010000000000193589,0.14285714285714285,0.12,0.19966141568937432,0.10000000037254707,0.011235955056179777,0.10000000057766673,0.1,0.1000210343941592,1.4,0.0012110323059320097,0.001695445228304813,0.004268766492623477,115838.1049252704,0,3561.0,3.0,1.2,1.8,1,89
122,CASES,Bahia,9.99985227235026e-06,0.1599997133506799,0.0010001504560711726,0.14285714285714285,0.12,0.0566464883102904,0.10001768434523356,0.011235955056179777,0.10000003346693567,0.1,0.10019096096867773,1.4,0.003563378142115918,0.004988729398962285,0.0010648851220514952,146990.60298403163,0,12858.0,3.0,1.2,1.8,1,89
109,CASES,Bahrain,8.759199803535498e-06,0.15999999997310813,0.0010000000000014609,0.14285714285714285,0.12,0.0939337274309236,0.10000000040423117,0.01,0.1367004540703531,0.1,0.10000030098237404,1.4,0.00015457254463595077,0.00021640156249033102,0.0018417005531477515,149407.17754948273,0,7386.5999999999985,3.0,1.2,1.8,1,100
143,CASES,Bangladesh,8.499849212784904e-06,0.15291463347261464,0.0025204063719684424,0.14285714285714285,0.12,0.1830909875021156,0.3083217530711184,0.012345679012345678,0.10000000099371946,0.1,0.1001638416488132,1.4,0.0013726643677324985,0.0019217301148254976,0.0008323183607406581,284718.13638154307,0,31467.0,9.0,3.6,5.4,3,81
168,CASES,Belarus,9.99997140861608e-06,0.15999999995119893,0.06202525129880398,0.14285714285714285,0.12,0.02126021149036309,0.10000000055151848,0.011235955056179777,0.10000000221547743,0.1,0.10000216681139107,1.4,0.0005521341119505595,0.0007729877567307832,2.017097600059969e-11,786886.1511280757,0,26553.0,3.0,1.2,1.8,1,89
145,CASES,Belgium,3.912982408474039e-06,0.15647299802031114,0.017022206080690574,0.14285714285714285,0.12,0.004195926692146956,0.11847227731813345,0.008264462809917356,0.10276287351676837,0.1,0.14932786120817226,1.4,0.02890167625297653,0.040462346754167135,1.8627959713635176e-07,576131.0643589239,0,35169.0,3.0,1.2,1.8,1,121
101,CASES,Bolivia,9.999987469342217e-06,0.15322564680579512,0.0010000000083347075,0.14285714285714285,0.12,0.18134535382250616,0.10000000246979146,0.012048192771084338,0.10000000000245393,0.1,0.1000068977698272,1.4,0.0035424016543999077,0.004959362316159871,0.0004069472203342417,181413.02563504095,0,6594.5999999999985,6.0,2.4,3.6,2,83
55,CASES,Bosnia_and_Herzegovina,3.051752756055848e-13,0.10000745102113384,0.05091364844322098,0.14285714285714285,0.12,0.0951066245666692,0.10000000018584304,0.012048192771084338,0.10007112987059227,0.1,0.1000004719861644,1.4,0.006560165529790431,0.009184231741706605,0.04663344918567919,4850.669014132354,0,1520.4,6.0,2.4,3.6,2,83
165,CASES,Brasil,1.1178956142127472e-06,0.15789073419578462,0.0010000295782518762,0.14285714285714285,0.12,0.10013622306471548,0.13730009216729352,0.010204081632653059,0.10000049508061158,0.1,0.10016649439552844,1.4,0.005961827256547495,0.008346558159166493,0.00020962610969660345,1718593.1500743898,0,333229.8,3.0,1.2,1.8,1,98
166,CASES,Brazil,8.571548754407809e-07,0.15127558669701724,0.0010009983074031584,0.14285714285714285,0.12,0.1784061902126068,0.11521212972045107,0.010101010101010102,0.1000154333618878,0.1,0.10011824629775601,1.4,0.0059589555695017185,0.008342537797302407,0.00027402419022237723,2256812.9440795267,0,333229.8,3.0,1.2,1.8,1,99
58,CASES,Bulgaria,9.980648078037747e-06,0.10000139591741984,0.3232369931711713,0.14285714285714285,0.12,0.04312825379241928,0.39990708826028004,0.011627906976744186,0.108757582574971,0.1,0.10127621772508223,1.4,0.006091802569929759,0.008528523597901662,0.0001584015199246891,626779.544703831,0,1522.8,6.0,2.4,3.6,2,86
9,CASES,Burkina_Faso,9.999992661260367e-06,0.12880494107848653,0.3299995993999895,0.14285714285714285,0.12,0.1999994766845036,0.39999975575220303,0.012048192771084338,0.1382927946119246,0.1,0.10013917395946896,1.4,0.006394429180544404,0.008952200852762165,0.0014256833984399586,18088.373271505177,0,529.8,6.0,2.4,3.6,2,83
84,CASES,Cameroon,9.988913225040007e-06,0.1301187873709558,0.0010000000000000182,0.14285714285714285,0.12,0.126437185569807,0.10000023452809127,0.012048192771084338,0.10000018814924573,0.1,0.1000061906589507,1.4,0.003132535337790155,0.0043855494729062175,0.005327346257319897,116918.26267218054,0,3951.0,3.0,1.2,1.8,1,83
150,CASES,Canada,6.848705903248165e-07,0.15989984631651338,0.022997338383078863,0.14285714285714285,0.12,9.447475137767116e-05,0.10000810807518874,0.007692307692307694,0.14983962272340845,0.1,0.12526739134908718,1.4,0.010897750212066487,0.015256850296893084,1.8304765270038548e-05,212108.57607172627,0,55439.4,3.0,1.2,1.8,1,130
54,CASES,Cape_Verde,9.999994988765594e-06,0.15999999489695824,0.022534272616386804,0.14285714285714285,0.12,0.002831399131118651,0.10000269572643683,0.013333333333333334,0.1000000060795693,0.1,0.10015806659007452,1.4,0.0010863130866602443,0.001520838321324342,0.0043392660790811935,43693.43535546406,0,279.6,6.0,2.4,3.6,2,75
12,CASES,Cases_on_an_international_conveyance_Japan,9.991812639837153e-06,0.1599757139854745,0.3299999956965501,0.14285714285714285,0.12,0.09303198624569553,0.399952948784701,0.03571428571428571,0.1014664121420262,0.1,0.1000038318692927,1.4,0.0010160040973658184,0.0014224057363121454,0.7195680334953216,1151.5744768576492,0,417.6,30.0,12.0,18.0,10,28
162,CASES,Ceara,1.136946127215916e-06,0.1599999224896006,0.030477446870099213,0.14285714285714285,0.12,0.1892622184676061,0.3748308318590169,0.01282051282051282,0.14999999999437352,0.1,0.14999980717527506,1.4,0.010334917835064369,0.014468884969090113,6.417055775642665e-11,5176670.305836267,0,31843.8,15.0,6.0,9.0,5,78
30,CASES,Central_African_Republic,9.999871724553482e-06,0.1599999450492221,0.001000032428236181,0.14285714285714285,0.12,6.512388528445712e-08,0.10000007523531476,0.0125,0.10000118366191244,0.1,0.1082941672831178,1.4,0.00037055318146490265,0.0005187744540508637,0.0008118033651760004,147663.20531745185,0,703.8,3.0,1.2,1.8,1,80
7,CASES,Chad,9.999791003368885e-06,0.15999988230078624,0.023969762874321118,0.14285714285714285,0.12,6.024674092941496e-11,0.1000410825912912,0.013157894736842105,0.14999906626360715,0.1,0.1499300302322763,1.4,0.013426569871547129,0.018797197820165985,0.00029930538892741776,226878.198530302,0,481.8,3.0,1.2,1.8,1,76
153,CASES,Chile,6.316432945347147e-06,0.10001305464335812,0.011189140626114156,0.14285714285714285,0.12,0.1999994616844968,0.16653271958242308,0.01098901098901099,0.100193762775817,0.1,0.10138862592434032,1.4,0.0011204830564114335,0.0015686762789760072,7.003036954678077e-05,627063.7355225643,0,65211.6,3.0,1.2,1.8,1,91
147,CASES,China,8.436197359719711e-06,0.1599977669265067,0.05650050460063673,0.14285714285714285,0.12,0.10031798725439756,0.1877295632050712,0.00641025641025641,0.14999993029470127,0.1,0.1498282167527441,1.4,0.008752572714446467,0.012253601800225054,2.5005497672481173e-11,896388.3495005773,0,50495.4,81.0,32.4,48.6,27,156
130,CASES,Colombia,1.956291960711593e-06,0.15204487915863696,0.001000000002104611,0.14285714285714285,0.12,0.19989089239274893,0.10004179771073572,0.011764705882352941,0.10000208437920442,0.1,0.1000016385764468,1.4,0.003273476944057709,0.004582867721680792,0.0020434551819199513,722811.2514436577,0,19099.8,3.0,1.2,1.8,1,85
11,CASES,Congo,9.999994213262096e-06,0.10002978330322244,0.008435768240917123,0.14285714285714285,0.12,0.19999498927066614,0.2720518376805843,0.0125,0.1000129698083159,0.1,0.10521884564077756,1.4,0.0035607054362361275,0.004984987610730578,0.002293719314976961,27103.250741411593,0,366.6,3.0,1.2,1.8,1,80
24,CASES,Costa_Rica,2.5236569878432873e-07,0.10011252526422657,0.3299963686744526,0.14285714285714285,0.12,0.0003226102958703958,0.3999999060006952,0.012195121951219513,0.1489748242437548,0.1,0.14408516743465016,1.4,0.0014793138340313155,0.0020710393676438414,0.00048511475253815167,354545.17616180435,0,590.4,3.0,1.2,1.8,1,82
62,CASES,Cote_dIvoire,8.808660963556163e-06,0.13511677616903628,0.13986556713568454,0.14285714285714285,0.12,0.001317413996765604,0.3999999999826193,0.012195121951219513,0.10521438427075966,0.1,0.12916358187855725,1.4,0.0014250746245377426,0.0019951044743528397,0.00020746956066386435,819376.5287067194,0,1814.4,3.0,1.2,1.8,1,82
52,CASES,Croatia,9.999818491258743e-06,0.15877816217364085,0.08443830627342852,0.14285714285714285,0.12,0.04979700377048042,0.10000012166266432,0.010416666666666666,0.10009969301282014,0.1,0.10000855785998246,1.4,0.004806757563965559,0.006729460589551783,0.049192753294350855,5870.86697246975,0,1347.6,3.0,1.2,1.8,1,96
48,CASES,Cuba,7.211728055300827e-06,0.1599996931902979,0.3046660956001294,0.14285714285714285,0.12,0.19996361055825848,0.37804551864647984,0.012345679012345678,0.14999977830365102,0.1,0.1081711668287445,1.4,0.00446899295509497,0.006256590137132957,0.00018352891957990056,319620.7493672293,0,1255.2,9.0,3.6,5.4,3,81
17,CASES,Cyprus,1.9182364409136234e-07,0.10010286826156503,0.2943900972464061,0.14285714285714285,0.12,1.1468348493082205e-11,0.3996551683541501,0.011904761904761904,0.14825939670482585,0.1,0.149570578469025,1.4,0.0027194650630731816,0.003807251088302454,0.0021531262728683442,94662.27924221399,0,571.1999999999998,6.0,2.4,3.6,2,84
94,CASES,Czechia,4.99380450612647e-06,0.15948412754306854,0.07129165642493179,0.14285714285714285,0.12,0.024987279265602468,0.36779039035772265,0.010638297872340424,0.10000010742011964,0.1,0.10226899615520446,1.4,0.003653676115267232,0.005115146561374124,0.057338484468337884,30422.542495218164,0,5618.4,9.0,3.6,5.4,3,94
63,CASES,Democratic_Republic_of_the_Congo,9.999999990497411e-06,0.15999939925866266,0.0010052128616466767,0.14285714285714285,0.12,0.09721944065485623,0.1000001067345284,0.012048192771084338,0.10000127921180137,0.1,0.1009648089603994,1.4,0.0022346960483088704,0.0031285744676324183,0.0019465950662888032,122686.31134147092,0,1995.0,3.0,1.2,1.8,1,83
107,CASES,Denmark,9.999999659705476e-06,0.15999999040717156,0.018214760258807645,0.14285714285714285,0.12,0.004236769126734629,0.12272666053761246,0.010204081632653059,0.10000034112446092,0.1,0.1106456704114407,1.4,0.005753495502836257,0.008054893703970759,0.034378089977020465,125070.04066012688,0,7040.4,3.0,1.2,1.8,1,98
103,CASES,Distrito_Federal,9.98017970678421e-06,0.15999999957797367,0.0010000000069446792,0.14285714285714285,0.12,0.1759811888745515,0.1000000029012325,0.0064516129032258064,0.100001154935398,0.1,0.10100770922662723,1.4,0.0016137164485163845,0.0022592030279229387,0.00016889212237902743,133504.25194899595,0,6753.5999999999985,3.0,1.2,1.8,1,155
64,CASES,Djibouti,9.9996435704088e-06,0.15999999754012112,0.07281077549586487,0.14285714285714285,0.12,0.037873146236054894,0.1000000477625853,0.012987012987012988,0.10000000008245004,0.1,0.1000856852983104,1.4,0.0006665269399194887,0.000933137715887284,7.994102607689069e-05,426383.69796329294,0,2267.4,3.0,1.2,1.8,1,77
118,CASES,Dominican_Republic,2.256927964653044e-06,0.1140379151729511,0.0017338136295799484,0.14285714285714285,0.12,0.05886070309780225,0.2549557378886512,0.011764705882352941,0.1000234948711899,0.1,0.128647195609407,1.4,0.003843668024531218,0.005381135234343705,0.01593454850695475,362605.26588963607,0,10651.2,3.0,1.2,1.8,1,85
138,CASES,Ecuador,5.166079067384655e-06,0.15999999744989807,0.001000000183947567,0.14285714285714285,0.12,4.622043432505052e-05,0.3999998567101583,0.011111111111111113,0.10000001464561978,0.1,0.1499996615008929,1.4,0.013946852992213049,0.01952559418909827,0.008724557033543467,424679.73048799,0,24248.4,3.0,1.2,1.8,1,90
126,CASES,Egypt,8.565436663767704e-06,0.13603938664870244,0.015559193626037063,0.14285714285714285,0.12,0.09965193041029503,0.12105341211002844,0.009433962264150943,0.10000498943601284,0.1,0.10023907165798714,1.4,0.0039817060634421714,0.0055743884888190395,4.773959005888173e-15,361991.9448935907,0,16521.6,3.0,1.2,1.8,1,106
56,CASES,El_Salvador,9.99999999202198e-06,0.15999999970096984,0.011911755553033906,0.14285714285714285,0.12,2.6826318944017665e-13,0.29812854916908144,0.012987012987012988,0.12481040894305433,0.1,0.1494768835072521,1.4,0.0028127370552439913,0.003937831877341588,0.00144193212551752,175319.12958332882,0,1591.8,3.0,1.2,1.8,1,77
32,CASES,Equatorial_Guinea,2.189138801808314e-06,0.15999999832888,0.03312489965190825,0.14285714285714285,0.12,3.090768752045392e-11,0.10000012533650156,0.012345679012345678,0.14999999350423432,0.1,0.14999995872782335,1.4,0.0013910351659458119,0.0019474492323241362,3.804596601914012e-05,1292281.598048105,0,783.6,3.0,1.2,1.8,1,81
114,CASES,Espirito_Santo,9.999996946780375e-06,0.159999748986644,0.003451497087880469,0.14285714285714285,0.12,0.04587829541827411,0.1000003575412129,0.011235955056179777,0.10000022729468634,0.1,0.1000985679405043,1.4,0.004587937399909909,0.006423112359873873,0.001101669246694692,148136.7734464508,0,9090.6,3.0,1.2,1.8,1,89
44,CASES,Estonia,9.999799968754483e-06,0.15999812936147995,0.09061266856279672,0.14285714285714285,0.12,0.002439606379413461,0.11540114593886967,0.010869565217391304,0.14863895674446448,0.1,0.10000193568216777,1.4,0.0037736579502704814,0.005283121130378674,0.08114739046435382,23347.91265419709,0,1122.0,3.0,1.2,1.8,1,92
35,CASES,Ethiopia,7.584937009522297e-06,0.15999997889037132,0.0010000000223527488,0.14285714285714285,0.12,0.010706232548406348,0.1001837334449778,0.012195121951219513,0.10000049329339086,0.1,0.10000011081661328,1.4,0.0010526327454380344,0.001473685843613248,0.0002279375848337484,186787.010213054,0,806.4,3.0,1.2,1.8,1,82
83,CASES,Finland,9.997030601287694e-06,0.15999156066751308,0.0017043794733689473,0.14285714285714285,0.12,0.00022473504451060445,0.10000093241492196,0.008196721311475409,0.10003846358161404,0.1,0.14996654569119067,1.4,0.007307643462948228,0.010230700848127518,0.0063538545922229295,135401.6744131623,0,4132.2,3.0,1.2,1.8,1,122
154,CASES,France,9.999999999968124e-06,0.1599999999994406,0.22096233836488,0.14285714285714285,0.12,0.03296961666933969,0.10000000009406576,0.0076335877862595426,0.10000000000374556,0.1,0.10000000553600193,1.4,0.023646690037274955,0.033105366052184934,8.791488543880009e-06,3059846.264591235,0,90795.0,9.0,3.6,5.4,3,131
59,CASES,Gabon,8.987364335014599e-07,0.1599999939537985,0.015472903054360262,0.14285714285714285,0.12,3.677679919711352e-07,0.10000181963504944,0.012195121951219513,0.12255246591067215,0.1,0.14522990300670446,1.4,0.0010436931585102727,0.0014611704219143814,6.40801132801294e-05,2119274.3360341783,0,1681.8,3.0,1.2,1.8,1,82
10,CASES,Georgia,9.998299130245184e-06,0.15970178121127926,0.09692068870752613,0.14285714285714285,0.12,0.15320139419668588,0.1000000013926724,0.010526315789473684,0.10000287571130292,0.1,0.10026884126220284,1.4,0.0016562832737085605,0.0023187965831919844,0.0010239689951647146,20695.848114742166,0,480.0,3.0,1.2,1.8,1,95
158,CASES,Germany,9.766503634321053e-06,0.14954806430210235,0.005309092748210594,0.14285714285714285,0.12,0.12403204346381967,0.10657764345644244,0.0078125,0.10000286140867837,0.1,0.1004919439263118,1.4,0.0049436863203326,0.00692116084846564,1.3438896711737147e-05,347150.29036349076,0,109422.0,3.0,1.2,1.8,1,128
91,CASES,Ghana,9.999983742327845e-06,0.15999999989900304,0.006976063286900189,0.14285714285714285,0.12,0.0022360210091273204,0.100083359394813,0.012195121951219513,0.10000127756516247,0.1,0.14684597187786064,1.4,0.0006756443796293383,0.0009459021314810736,0.006788910950878968,159335.8350022696,0,4978.2,6.0,2.4,3.6,2,82
74,CASES,Goias,9.988583723491587e-06,0.1599985200109448,0.001005837040677593,0.14285714285714285,0.12,0.09058261211045282,0.10000259154291356,0.012195121951219513,0.100001826898076,0.1,0.10000780364237412,1.4,0.003573397621864291,0.005002756670610007,0.0010528771206654297,132639.19628146294,0,2626.2,9.0,3.6,5.4,3,82
60,CASES,Greece,9.998640405651926e-06,0.15979259810799076,0.32999804060989874,0.14285714285714285,0.12,0.19999999370807706,0.3992840522587016,0.010416666666666666,0.10176586762655368,0.1,0.1286821764945632,1.4,0.008409678566092302,0.01177354999252922,0.001596854980470963,43290.37829498018,0,1750.8,3.0,1.2,1.8,1,96
80,CASES,Guatemala,9.998590285070453e-06,0.1599487923366196,0.001000007410376111,0.14285714285714285,0.12,0.02678912235968037,0.10037611266458543,0.012345679012345678,0.100013155167167,0.1,0.10046175654201356,1.4,0.002261906654707609,0.003166669316590653,0.0016257188519720467,139921.48074520752,0,3351.6,3.0,1.2,1.8,1,81
67,CASES,Guinea,9.999999534928463e-06,0.1599999998714325,0.029128538082787987,0.14285714285714285,0.12,0.005761442475382328,0.10000172179295956,0.012345679012345678,0.1233670634916678,0.1,0.10000002624471116,1.4,0.000601936823770834,0.0008427115532791675,0.003031150130387794,156464.81863757785,0,2306.4,3.0,1.2,1.8,1,81
33,CASES,Guinea_Bissau,9.99996723001136e-06,0.15989877299614574,0.02816362286704137,0.14285714285714285,0.12,0.04021427928083668,0.1000014745305172,0.014492753623188406,0.10001245325809632,0.1,0.14193790275381846,1.4,0.0008531203771829809,0.0011943685280561733,0.0012225954570931339,93676.26209227204,0,803.4,6.0,2.4,3.6,2,69
53,CASES,Haiti,8.710025726335155e-06,0.1599999958668969,0.0010000042637905492,0.14285714285714285,0.12,0.00011595834929946091,0.10000845660451284,0.013157894736842105,0.10001532486687224,0.1,0.1497622407078043,1.4,0.002923378427805859,0.004092729798928202,3.5240649287615616e-10,200193.31879774426,0,1504.2,6.0,2.4,3.6,2,76
79,CASES,Honduras,9.544643379903882e-06,0.12573957512098996,0.012347503664066093,0.14285714285714285,0.12,0.19029871696120185,0.23269840820353865,0.012195121951219513,0.10040641888125733,0.1,0.10004864363179657,1.4,0.004245745910440254,0.0059440442746163565,1.9613588531086637e-11,344794.11831195647,0,3316.2,6.0,2.4,3.6,2,82
70,CASES,Hungary,9.99967724244028e-06,0.1599990348425174,0.12067392120456448,0.14285714285714285,0.12,0.10057138089054464,0.1000000071030752,0.011111111111111113,0.10000086873102636,0.1,0.10000685675681467,1.4,0.015720830588206957,0.022009162823489737,0.008669665753659959,17547.376267497813,0,2358.6,6.0,2.4,3.6,2,90
41,CASES,Iceland,9.999999807189147e-06,0.15997556511326172,0.0010285868413516717,0.14285714285714285,0.12,0.1684462542393929,0.124397690751592,0.011111111111111113,0.10000000847051092,0.1,0.10005030922505236,1.4,0.0005573833383011273,0.0007803366736215782,0.1888796087619603,24891.763763955856,0,1083.0,3.0,1.2,1.8,1,90
159,CASES,India,9.395376541143204e-07,0.1322950774113062,0.01197520087471984,0.14285714285714285,0.12,0.062356500453597176,0.14775057852609458,0.008,0.10000133525319636,0.1,0.10827386984401853,1.4,0.00311998291943988,0.004367976087215831,6.034258875908804e-08,446036.1073435917,0,124569.0,3.0,1.2,1.8,1,125
127,CASES,Indonesia,3.013794207630888e-06,0.11768839614497525,0.0010000000000873893,0.14285714285714285,0.12,0.19999999624115106,0.24991543153333876,0.011494252873563218,0.10000012481769774,0.1,0.1000441266066151,1.4,0.006427156862659388,0.008998019607723142,0.005716471220713726,505249.67722478573,0,16529.399999999998,6.0,2.4,3.6,2,87
155,CASES,Iran,2.884612046706851e-06,0.13003329159871654,0.061920184688883925,0.14285714285714285,0.12,0.1814395117834655,0.2802819118689052,0.009523809523809523,0.10000190959868696,0.1,0.10151201842581603,1.4,0.0053883735485752635,0.007543722968005367,0.001467634563119158,1285833.6138901887,0,94537.2,6.0,2.4,3.6,2,105
86,CASES,Iraq,9.999808040118573e-06,0.1599977713602729,0.0010000000062860002,0.14285714285714285,0.12,0.1805850077845593,0.100002408152858,0.010204081632653059,0.10000023110872464,0.1,0.1000731908717693,1.4,0.003288199084852599,0.004603478718793639,0.0021483285265799235,118176.39191058886,0,4432.2,3.0,1.2,1.8,1,98
125,CASES,Ireland,9.999985842896646e-06,0.15977634622529366,0.0010254518526322906,0.14285714285714285,0.12,0.004994093306107317,0.14590632472055473,0.010752688172043013,0.1128153321141128,0.1,0.14977749242028324,1.4,0.010608812475770234,0.014852337466078329,0.01896977742910122,233632.06066625344,0,15039.6,3.0,1.2,1.8,1,93
116,CASES,Israel,9.999979516682507e-06,0.15999942707006495,0.07628332395774771,0.14285714285714285,0.12,0.19999398974916707,0.32407112634971674,0.01,0.14998935744387815,0.1,0.14806052847064946,1.4,0.002518036198480433,0.0035252506778726046,0.0002607506657005265,696881.2908159648,0,10405.2,3.0,1.2,1.8,1,100
160,CASES,Italy,3.1791620436861526e-06,0.15878049624770854,0.028396159553418863,0.14285714285714285,0.12,0.032157244430873304,0.10077493179066466,0.008,0.10000000493929136,0.1,0.1037726489835548,1.4,0.017398789511306315,0.02435830531582884,1.1118883591620945e-13,1761243.6214755212,0,140109.0,9.0,3.6,5.4,3,125
2,CASES,Jamaica,8.059779944480373e-10,0.11558706524668412,0.14563070249203247,0.14285714285714285,0.12,0.11311360123809636,0.1002383337898968,0.012048192771084338,0.10000031267447608,0.1,0.14742782797254872,1.4,0.0022837357173028203,0.003197230004223948,0.00042049313387015896,50801.75173106634,0,354.0,6.0,2.4,3.6,2,83
117,CASES,Japan,9.999990344860547e-06,0.1598684844456126,0.001000054738886898,0.14285714285714285,0.12,0.007875503404872142,0.10078146370778704,0.007092198581560284,0.10004895497568594,0.1,0.10082539628047106,1.4,0.005641107587493719,0.007897550622491206,0.00022934584774059186,161153.82129312947,0,10191.6,3.0,1.2,1.8,1,141
14,CASES,Jordan,9.999999377275329e-06,0.15717173721139094,0.32999997343762844,0.14285714285714285,0.12,0.19961403871905148,0.3999952238591953,0.012048192771084338,0.14999991935358065,0.1,0.14055415517757675,1.4,0.0016956935611235804,0.0023739709855730125,0.0002961521471651629,69431.28754599243,0,453.0,3.0,1.2,1.8,1,83
108,CASES,Kazakhstan,9.998990460331683e-06,0.15996771269692378,0.0010000000002110493,0.14285714285714285,0.12,0.16268458292917864,0.1000001155230628,0.012345679012345678,0.10000000003140012,0.1,0.1009250597420028,1.4,0.00037786782068142645,0.0005290149489539969,0.005234382163770146,118049.00653405984,0,7077.5999999999985,18.0,7.199999999999998,10.8,6,81
49,CASES,Kenya,9.999996999868448e-06,0.10000036569777096,0.0010000000012473926,0.14285714285714285,0.12,0.19999997110131265,0.10902988149803194,0.012195121951219513,0.10002038913161132,0.1,0.10200698372035348,1.4,0.003581847598489168,0.005014586637884835,0.0007764768552513956,173892.41153543713,0,1255.8,3.0,1.2,1.8,1,82
21,CASES,Kosovo,9.99999998217648e-06,0.10002759665227637,0.3299994083439564,0.14285714285714285,0.12,0.10215247922660738,0.3999669459854564,0.013513513513513514,0.14968059985493998,0.1,0.14962923393505115,1.4,0.00441384170899856,0.006179378392597983,0.0009085124279231693,50885.185498803614,0,628.1999999999998,6.0,2.4,3.6,2,74
128,CASES,Kuwait,4.819101047457985e-06,0.1273977270490146,0.01992153864729448,0.14285714285714285,0.12,0.021413789141688302,0.10110134326530903,0.010204081632653059,0.10000000042364388,0.1,0.14984994958430475,1.4,0.0011915029590842936,0.001668104142718011,5.545564008002657e-14,651534.6619502967,0,17189.399999999998,9.0,3.6,5.4,3,98
46,CASES,Kyrgyzstan,9.982096591667958e-06,0.15999229647724228,0.18869833665392802,0.14285714285714285,0.12,0.19999997228065947,0.3868170259193482,0.012987012987012988,0.10000605994052636,0.1,0.1483074802981792,1.4,0.0016024579178625525,0.002243441085007573,0.00040825402684796513,100327.3975712945,0,1122.6,9.0,3.6,5.4,3,77
5,CASES,Latvia,9.999999812967447e-06,0.15990710289602386,0.3299999999810847,0.14285714285714285,0.12,0.19996400069813103,0.3999977584904567,0.012048192771084338,0.1499999999562328,0.1,0.10069187007803107,1.4,0.0022397611332637467,0.003135665586569245,0.00213871760571166,14922.626059320137,0,634.1999999999998,3.0,1.2,1.8,1,83
31,CASES,Lebanon,9.999974815366993e-06,0.15995212777293585,0.2866976995279682,0.14285714285714285,0.12,0.19999984847224686,0.3999980418917639,0.010101010101010102,0.14998420989539002,0.1,0.10632272567332827,1.4,0.002362727237185073,0.0033078181320591016,0.0003888172361781739,63231.24897518432,0,745.1999999999998,3.0,1.2,1.8,1,99
39,CASES,Lithuania,9.951845088192503e-06,0.1599395579294099,0.3299975116053633,0.14285714285714285,0.12,0.19999695901507814,0.3999620133508681,0.011363636363636364,0.12500000000064546,0.1,0.12614507082988288,1.4,0.005559466188033324,0.007783252663246653,0.0013315521163204669,34701.582341421745,0,1009.2,3.0,1.2,1.8,1,88
72,CASES,Luxembourg,2.216841642421752e-11,0.13298802783750974,0.3299960547650853,0.14285714285714285,0.12,0.19999990349822092,0.3999810780737938,0.012345679012345678,0.14999999949119092,0.1,0.148919521824626,1.4,0.004216511557454019,0.0059031161804356256,0.00028931864880843433,484612.94771535724,0,2397.0,3.0,1.2,1.8,1,81
0,CASES,Madagascar,9.999993471357769e-06,0.1599999999503631,0.013292180209377613,0.14285714285714285,0.12,0.10007477687431486,0.1001992977954875,0.013333333333333334,0.10000341379089614,0.1,0.13834666692117642,1.4,0.0009893682974100816,0.0013851156163741142,0.002250515503570693,27120.32251247244,0,507.0,9.0,3.6,5.4,3,75
89,CASES,Malaysia,8.130391776679342e-06,0.159999999557018,0.01573168289786036,0.14285714285714285,0.12,2.588262937308628e-13,0.1000198725389007,0.007692307692307694,0.10430763925623997,0.1,0.14999939339995325,1.4,0.0022223563825038164,0.003111298935505343,0.0006866736938569984,263455.5885539329,0,4726.2,9.0,3.6,5.4,3,130
43,CASES,Maldives,9.999983997100898e-06,0.1599999999744274,0.0029238473263970342,0.14285714285714285,0.12,0.0021941127609991567,0.10032731971101086,0.0125,0.10000000504375092,0.1,0.1000063414066644,1.4,0.0003443744538796984,0.0004821242354315776,0.006464406501205722,100202.67681311774,0,874.1999999999998,6.0,2.4,3.6,2,80
34,CASES,Mali,2.8133561163141475e-07,0.10006208656871528,0.007908979574672929,0.14285714285714285,0.12,0.01710452017442705,0.3795486229709096,0.014285714285714284,0.10000567622481553,0.1,0.1370727353832005,1.4,0.008398800754037422,0.011758321055652393,0.04179830297624082,25838.957016004748,0,810.6,6.0,2.4,3.6,2,70
1,CASES,Malta,3.3029187799515333e-06,0.15793305992594314,0.16786079558392691,0.14285714285714285,0.12,0.17346284608168971,0.10000002280810773,0.011235955056179777,0.12936194919920674,0.1,0.14943152424999956,1.4,0.0022011190151391092,0.003081566621194753,0.033565901161933975,821.2752212261444,0,372.0,3.0,1.2,1.8,1,89
135,CASES,Maranhao,9.336094621960076e-06,0.14846218914832865,0.001001655400774626,0.14285714285714285,0.12,0.1797789927847369,0.11528937073507388,0.014492753623188406,0.1015200231364558,0.1,0.10005064458582894,1.4,0.0032756873522674693,0.004585962293174456,0.0011712369149031177,225226.08210671297,0,16787.399999999998,3.0,1.2,1.8,1,69
57,CASES,Mato_Grosso,6.076156941906945e-06,0.1596398946361036,0.001034799171255011,0.14285714285714285,0.12,0.12279304892691036,0.1028638391679838,0.013333333333333334,0.10000828371598956,0.1,0.10091203393113672,1.4,0.002676711775361717,0.003747396485506403,0.0003702837407858484,267034.6037209028,0,1625.4,3.0,1.2,1.8,1,75
38,CASES,Mato_Grosso_do_Sul,2.095736678367789e-06,0.1599981409664163,0.0013237304905639393,0.14285714285714285,0.12,0.02520708241586427,0.11232340122998656,0.012658227848101266,0.10032163414103208,0.1,0.10084163342664217,1.4,0.0012403644947926466,0.0017365102927097056,0.000463179055122831,551905.2118537012,0,987.6,6.0,2.4,3.6,2,79
28,CASES,Mauritania,5.6248530579134145e-06,0.1599999860056212,0.0010000000014080538,0.14285714285714285,0.12,1.1617143136355424e-09,0.10000098291942687,0.012345679012345678,0.10000245088797498,0.1,0.12233724757495967,1.4,0.00595361801385204,0.008335065219392855,4.224538089325769e-05,256717.41890425442,0,400.8,3.0,1.2,1.8,1,81
151,CASES,Mexico,4.958301091087387e-06,0.1599398144598272,0.001003966232710469,0.14285714285714285,0.12,0.10093720865861416,0.1000596371427647,0.011363636363636364,0.10000002613956706,0.1,0.10024865646793034,1.4,0.01230081047017932,0.017221134658251046,0.0012487475155555927,329808.37702377484,0,58395.6,6.0,2.4,3.6,2,88
100,CASES,Minas_Gerais,9.007270820715306e-06,0.14529094086773608,0.02430510126870524,0.14285714285714285,0.12,0.09998328930072993,0.10000009750936928,0.011494252873563218,0.1000000017415306,0.1,0.10019246430326537,1.4,0.002718837763722413,0.0038063728692113775,2.811195720653359e-12,380374.0340678791,0,6563.4,3.0,1.2,1.8,1,87
93,CASES,Moldova,2.823394302933596e-07,0.10000341319963582,0.049115381360109504,0.14285714285714285,0.12,0.07518376255301003,0.10000008036706784,0.011627906976744186,0.10000000016264476,0.1,0.1499480360131825,1.4,0.00558597828613603,0.00782036960059044,0.0003619823743070128,1084316.0784542896,0,5128.8,3.0,1.2,1.8,1,86
88,CASES,Morocco,9.998907257169077e-06,0.15999834532305193,0.056640338965241524,0.14285714285714285,0.12,0.036258151604428634,0.1000070953669032,0.011627906976744186,0.14314832412740114,0.1,0.10233165180111754,1.4,0.0027520000353825342,0.0038528000495355475,0.0055271183082808975,112661.32121717914,0,4719.5999999999985,3.0,1.2,1.8,1,86
50,CASES,Nepal,9.999999999998727e-06,0.15999999999937953,0.001000000000103406,0.14285714285714285,0.12,4.2854608750531044e-15,0.10000004494754676,0.008928571428571428,0.1000000107354456,0.1,0.14999904047810125,1.4,0.0006802677572703003,0.0009523748601784203,1.6508568012607583e-08,114847.84839626634,0,531.6,3.0,1.2,1.8,1,112
141,CASES,Netherlands,4.3997771963442745e-06,0.10000030575099207,0.01365988941816531,0.14285714285714285,0.12,0.003262826439474576,0.10000017920745713,0.010309278350515464,0.14999993474263418,0.1,0.10000023883419726,1.4,0.01466817662545858,0.02053544727564201,0.022087386189406918,675368.5587966964,0,27988.2,3.0,1.2,1.8,1,97
26,CASES,New_Zealand,9.66504567486702e-06,0.12058994065524795,0.2627752312749838,0.14285714285714285,0.12,0.1999993158245808,0.3013384185250671,0.011363636363636364,0.14999960024450235,0.1,0.10519817944730073,1.4,0.002044487586431639,0.0028622826210042947,0.0581695457575806,1433.3787788199502,0,692.4,3.0,1.2,1.8,1,88
25,CASES,Nicaragua,9.999999788931713e-06,0.15999369888541778,0.006240224707899025,0.14285714285714285,0.12,0.016684820060010843,0.10000254558120976,0.012987012987012988,0.1000302841780165,0.1,0.10000586018470202,1.4,0.004291296239268929,0.006007814734976503,0.004517830452428207,41125.40516542131,0,670.8,3.0,1.2,1.8,1,77
19,CASES,Niger,3.64663033010082e-10,0.1181550884112222,0.08338079846171775,0.14285714285714285,0.12,0.02528555255327613,0.1700167021726048,0.013333333333333334,0.10012788103290192,0.1,0.10000006615069272,1.4,0.007262574636642488,0.01016760449129948,0.2511503961662579,3205.653877353125,0,576.0,3.0,1.2,1.8,1,75
99,CASES,Nigeria,6.3929807580601236e-06,0.15994551462233975,0.02384128052746464,0.14285714285714285,0.12,0.0032864658533522943,0.10000250811506173,0.011627906976744186,0.10351452110847699,0.1,0.10101587860606752,1.4,0.0030194179802289587,0.00422718517232054,0.00030420888279752983,439390.22115581745,0,6491.4,3.0,1.2,1.8,1,86
51,CASES,North_Macedonia,9.999716549505336e-06,0.15815379747888872,0.32523134234247303,0.14285714285714285,0.12,0.1204289934468012,0.10007671074747873,0.011235955056179777,0.1481878595429108,0.1,0.10034253712494752,1.4,0.006288132326496711,0.008803385257095394,0.0037962736659279406,19568.04849064593,0,1434.6,3.0,1.2,1.8,1,89
92,CASES,Norway,9.999995494526268e-06,0.15995787313025886,0.11938473670895115,0.14285714285714285,0.12,0.01745336693555598,0.10000002786017817,0.010204081632653059,0.1000001109048249,0.1,0.10031149495159522,1.4,0.002896068254784757,0.004054495556698659,0.05939296158636265,40903.47529058959,0,5067.5999999999985,3.0,1.2,1.8,1,98
110,CASES,Oman,7.650945800762402e-06,0.1586315567030271,0.0010000001198452327,0.14285714285714285,0.12,0.09999956788595273,0.10030307155661418,0.010638297872340424,0.1000003736526589,0.1,0.10523584041407358,1.4,0.00048735593284382587,0.0006822983059813563,0.0007028534357185756,183596.2497965516,0,7679.4,6.0,2.4,3.6,2,94
146,CASES,Pakistan,1.1079689738936295e-06,0.155462497680471,0.005232439203753785,0.14285714285714285,0.12,0.0587362112780677,0.11363761370094465,0.010752688172043013,0.10149683366483853,0.1,0.14941194852363754,1.4,0.003201616872204382,0.004482263621086135,0.0011338235457902244,1237026.775818223,0,48277.8,6.0,2.4,3.6,2,93
16,CASES,Palestine,9.999917329555985e-06,0.1599999882368382,0.32999982241945514,0.14285714285714285,0.12,0.1999999973799733,0.3999623706705887,0.011494252873563218,0.10000301376218312,0.1,0.10002559968219436,1.4,0.0008002047974575547,0.0011202867164405766,0.0007166489155004951,19789.96996827863,0,378.0,21.0,8.4,12.6,7,87
112,CASES,Panama,3.779195927866575e-12,0.10012833239631366,0.00704681731625136,0.14285714285714285,0.12,0.11003959419449497,0.19750364518833294,0.011627906976744186,0.10000002706684047,0.1,0.10400268510007622,1.4,0.0019391987248550747,0.0027148782147971037,0.017512548826172314,124922.27399438301,0,8457.0,3.0,1.2,1.8,1,86
139,CASES,Para,9.8467539743482e-06,0.1599998942249189,0.0010000648640943492,0.14285714285714285,0.12,0.06883615037830289,0.10001140152712308,0.013157894736842105,0.10596825987581454,0.1,0.10000004316290427,1.4,0.00796499937682367,0.011150999127553136,0.0005885452116997093,206694.45950497253,0,24724.2,3.0,1.2,1.8,1,76
15,CASES,Paraguay,9.999999999736587e-06,0.15999999999994574,0.02925322875667521,0.14285714285714285,0.12,0.1178777755272479,0.30732779794624976,0.011904761904761904,0.1499999943389037,0.1,0.14966275706748006,1.4,0.0016430043191040724,0.002300206046745701,5.007643579524324e-06,367795.1405055549,0,607.8,3.0,1.2,1.8,1,84
113,CASES,Paraiba,9.9786646814136e-06,0.14619820531546102,0.008480210428451667,0.14285714285714285,0.12,0.05472978415299787,0.10012796873268112,0.013157894736842105,0.10100787686684548,0.1,0.11193848040437644,1.4,0.0029298814967720077,0.004101834095480811,0.00018131297192452991,236836.7063797984,0,8915.4,3.0,1.2,1.8,1,76
76,CASES,Parana,9.99968654725766e-06,0.1445195856664629,0.0010000000007090676,0.14285714285714285,0.12,0.19999027218223436,0.10030609103218376,0.012048192771084338,0.10000629119118247,0.1,0.10007525129109658,1.4,0.004011880541282879,0.005616632757796032,0.0018861663525519547,134238.3194654508,0,3097.8,18.0,7.199999999999998,10.8,6,83
132,CASES,Pernambuco,9.824701105291549e-06,0.15870104147236255,0.008976027384839555,0.14285714285714285,0.12,0.07774738857367737,0.10301828599638893,0.012048192771084338,0.11375841827576692,0.1,0.10079229267185197,1.4,0.009075174041643643,0.012705243658301104,0.0008799511527795012,214963.00586393577,0,21304.8,6.0,2.4,3.6,2,83
157,CASES,Peru,7.20563918232065e-07,0.1599999999920906,0.1655264488378037,0.14285714285714285,0.12,1.3774481555373086e-09,0.10000000672753304,0.011363636363636364,0.100000009378774,0.1,0.14999999993248636,1.4,0.004202412258922897,0.005883377162492057,2.686278879809878e-05,24564664.69958584,0,102023.4,3.0,1.2,1.8,1,88
120,CASES,Philippines,5.21414164468887e-06,0.15999971364394033,0.04794205134805616,0.14285714285714285,0.12,0.010727293465429609,0.10000000044442617,0.008196721311475409,0.10000292122778738,0.1,0.1499999798821643,1.4,0.00803615886895739,0.011250622416540346,5.551115123125783e-17,996486.6426585355,0,11398.2,3.0,1.2,1.8,1,122
78,CASES,Piaui,4.4724651692394165e-06,0.15999999649163915,0.03801581268341941,0.14285714285714285,0.12,3.402095272164729e-11,0.10000000014354808,0.013333333333333334,0.13711173139597746,0.1,0.14999992556992525,1.4,0.005069468006493906,0.007097255209091468,5.756506382681438e-14,945753.8532829456,0,3303.6,9.0,3.6,5.4,3,75
123,CASES,Poland,5.984541025563524e-06,0.10030218203026244,0.06191971703257016,0.14285714285714285,0.12,0.10202542878721793,0.14398542315691146,0.011111111111111113,0.10000374777692517,0.1,0.100140082237675,1.4,0.004692656301915682,0.006569718822681953,0.001706008563850947,351570.1599365595,0,14637.0,3.0,1.2,1.8,1,90
131,CASES,Portugal,9.99977098704241e-06,0.15999832924386453,0.040146059028683206,0.14285714285714285,0.12,0.00805809761399232,0.1000008049703319,0.010752688172043013,0.1171506810443427,0.1,0.10012109900533003,1.4,0.004570199248916175,0.006398278948482643,0.011258493314086848,341776.3011258909,0,19737.0,6.0,2.4,3.6,2,93
69,CASES,Puerto_Rico,5.48002846529749e-06,0.10000000013584476,0.002089224159389404,0.14285714285714285,0.12,0.1999999999993244,0.3999999988458208,0.014705882352941175,0.10000000086257534,0.1,0.10003895131884737,1.4,0.0036358639141429905,0.005090209479800187,0.001400433596496109,303814.52861746657,0,2361.0,192.0,76.8,115.2,64,68
148,CASES,Qatar,9.132595673835902e-06,0.15999769325334065,0.0010000524571303702,0.14285714285714285,0.12,0.18476291601674485,0.1457277627199656,0.01098901098901099,0.10000003205433154,0.1,0.10007970531095982,1.4,7.146650937244706e-05,0.00010005311312142588,0.0009714583662179811,199261.40942520613,0,36155.4,3.0,1.2,1.8,1,91
90,CASES,Rio_Grande_do_Norte,9.996758086312424e-06,0.15993239117517444,0.0010000000575410902,0.14285714285714285,0.12,0.09623668760569336,0.10011157249969088,0.012195121951219513,0.1000105206743593,0.1,0.10017410755446214,1.4,0.00432835411506229,0.006059695761087207,0.001239049088275046,146788.2882965087,0,4939.8,3.0,1.2,1.8,1,82
96,CASES,Rio_Grande_do_Sul,9.999657476762892e-06,0.15989217482767876,0.0010000002313431016,0.14285714285714285,0.12,0.03261554554703488,0.10001025329447108,0.011764705882352941,0.10000007648303952,0.1,0.14045790088461144,1.4,0.0035571827286261944,0.004980055820076672,0.0024681387156682,130723.63211386325,0,5951.4,3.0,1.2,1.8,1,85
144,CASES,Rio_de_Janeiro,5.411839127015063e-06,0.15999391689195006,0.0010003494713775208,0.14285714285714285,0.12,0.13338701962031232,0.10001117672849616,0.011111111111111113,0.10000076813840388,0.1,0.10001714644952407,1.4,0.01114088262962806,0.015597235681479284,0.0008067424081326102,306590.2320012852,0,34039.2,3.0,1.2,1.8,1,90
121,CASES,Romania,9.999992560552e-06,0.1599990969380689,0.0434373406413367,0.14285714285714285,0.12,0.09999442872247312,0.12534872245295786,0.010416666666666666,0.10795089949266133,0.1,0.10342284382844408,1.4,0.007252868585183681,0.010154016019257152,0.0012915529929078404,247107.10059711622,0,11710.2,3.0,1.2,1.8,1,96
111,CASES,Rondonia,9.999948554728416e-06,0.15999999720299193,0.003481599640288185,0.14285714285714285,0.12,0.04316728137545955,0.10000000023981173,0.013333333333333334,0.1000000284353115,0.1,0.10002022597553012,1.4,0.0032428800881793,0.0045400321234510205,0.0015711178513475588,140874.27377077812,0,3286.2,3.0,1.2,1.8,1,75
68,CASES,Roraima,9.999739587958507e-06,0.15999999987809332,0.025418617052740292,0.14285714285714285,0.12,1.319662698828772e-05,0.10598784889630666,0.014705882352941175,0.10942313226352816,0.1,0.14999796626702894,1.4,0.005355195155490708,0.0074972732176869904,0.001582693510086719,212391.8557155833,0,1775.4,6.0,2.4,3.6,2,68
164,CASES,Russia,1.9566697872157204e-07,0.1599994853939127,0.0010000232411999832,0.14285714285714285,0.12,0.0007727278261665971,0.10000220378146422,0.008064516129032258,0.1000104028371812,0.1,0.1000063065405486,1.4,0.0012030736893957148,0.0016843031651540006,0.00015222557457755803,8276240.826152405,0,254244.6,6.0,2.4,3.6,2,124
13,CASES,San_Marino,1.816652794881214e-06,0.10279767567521854,0.04421746314359992,0.14285714285714285,0.12,0.04843269195311765,0.3999616478528616,0.010416666666666666,0.10805017468632254,0.1,0.1175750673952576,1.4,0.007656050900156308,0.010718471260218831,0.04995988365899662,1788.1359336611301,0,412.2,3.0,1.2,1.8,1,96
95,CASES,Santa_Catarina,8.740785275267183e-06,0.13843265006339714,0.03260893544567284,0.14285714285714285,0.12,0.10022329675807493,0.10000082633425668,0.012195121951219513,0.1000000000050214,0.1,0.10000620733586657,1.4,0.001556025934157722,0.002178436307820811,1.2711343089222282e-10,430765.94932911283,0,5796.0,6.0,2.4,3.6,2,82
152,CASES,Sao_Paulo,3.463824710683844e-07,0.11283146227151605,0.017310952279139633,0.14285714285714285,0.12,0.0386221644971269,0.3452492631037173,0.010752688172043013,0.1259512793316178,0.1,0.14879252698305145,1.4,0.011684444375785552,0.016358222126099768,6.27205885648241e-05,9907844.018055828,0,57519.0,3.0,1.2,1.8,1,93
4,CASES,Sao_Tome_and_Principe,9.999638447347467e-06,0.15994311838928552,0.0213590795877665,0.14285714285714285,0.12,0.023820107746105542,0.10000112590588038,0.017857142857142856,0.1000000341761178,0.1,0.14998877572902009,1.4,0.003813273959212375,0.005338583542897325,0.01246772000560187,14962.529435145214,0,290.4,12.0,4.8,7.2,4,56
149,CASES,Saudi_Arabia,7.626034680690397e-07,0.15990192092238176,0.007843946729452822,0.14285714285714285,0.12,0.0013176870101876627,0.17028272192318544,0.011111111111111113,0.14845318286874382,0.1,0.1496914843253272,1.4,0.0009289935214510707,0.0013005909300314992,0.0018543837876826565,2510784.452562221,0,53406.6,3.0,1.2,1.8,1,90
66,CASES,Senegal,2.9980039939120896e-06,0.1599980920648953,0.020560604102943632,0.14285714285714285,0.12,4.561829802796071e-11,0.10000001963569853,0.011627906976744186,0.14999988557126964,0.1,0.14994376042150798,1.4,0.0016998633530516329,0.0023798086942722857,0.0005721586625985209,619941.4691475916,0,2301.6,3.0,1.2,1.8,1,86
104,CASES,Serbia,9.999999292958632e-06,0.15999827705172587,0.009611693251096242,0.14285714285714285,0.12,3.1507555305332345e-05,0.10000489043394696,0.011627906976744186,0.10000007167503418,0.1,0.14999408393999758,1.4,0.0032784860884378093,0.0045898805238129324,0.04438571582360007,193441.81634121173,0,6872.4,3.0,1.2,1.8,1,86
87,CASES,Sergipe,9.99993594395587e-06,0.1599999853014115,0.0014820685831262409,0.14285714285714285,0.12,1.6401324742787438e-12,0.1000010545149144,0.0125,0.10000000021496216,0.1,0.14998583973413815,1.4,0.003494184536675032,0.004891858351345044,0.0015646466237268508,195135.64668169463,0,4533.0,3.0,1.2,1.8,1,80
6,CASES,Sierra_Leone,9.992706416946933e-06,0.15991070445740374,0.00989100163195438,0.14285714285714285,0.12,0.0260144237273066,0.10019209298422793,0.015625,0.10000455110664597,0.1,0.10000000493912847,1.4,0.0054117649731763645,0.00757647096244691,0.009605330429758474,36798.18297375793,0,537.6,3.0,1.2,1.8,1,64
136,CASES,Singapore,7.982269254587618e-06,0.15999834665640536,0.0010000000027719654,0.14285714285714285,0.12,0.011570569008633205,0.3995023575760665,0.007575757575757577,0.10000000328872194,0.1,0.13703965244736707,1.4,9.183937391759212e-05,0.00012857512348462898,1.076916333886402e-14,233467.6935081235,0,21501.6,9.0,3.6,5.4,3,132
37,CASES,Slovakia,9.997152755630774e-06,0.15999408153414468,0.07229411688596918,0.14285714285714285,0.12,0.03721882774286485,0.37301666214581,0.011363636363636364,0.10000133117951963,0.1,0.13812121907896358,1.4,0.0025886172250408172,0.003624064115057143,0.06590512716456409,4193.339117060046,0,913.2,3.0,1.2,1.8,1,88
36,CASES,Slovenia,9.7612319171045e-06,0.1599999317794097,0.3299999999179013,0.14285714285714285,0.12,2.936980103562803e-09,0.17452601776111204,0.011111111111111113,0.10000006026616602,0.1,0.10001970766870144,1.4,0.007902069076971292,0.011062896707759808,0.06812200410423414,19722.13623538641,0,885.0,3.0,1.2,1.8,1,90
47,CASES,Somalia,9.99974132261317e-06,0.1599999072435841,0.0261866483641574,0.14285714285714285,0.12,1.5407747355755674e-08,0.10000070616996792,0.012658227848101266,0.14311141945027508,0.1,0.14995103781470034,1.4,0.005893598003662353,0.008251037205127295,0.0018817328010311,180421.74320096648,0,1253.4,3.0,1.2,1.8,1,79
134,CASES,South_Africa,5.141284751674985e-06,0.15990498068278725,0.0031879274561693828,0.14285714285714285,0.12,0.19511249120548807,0.1173013714630048,0.011363636363636364,0.1000305659953066,0.1,0.12160170846813342,1.4,0.002618857571767143,0.003666400600474,0.0005702836222363782,361624.83246669924,0,21487.2,3.0,1.2,1.8,1,88
106,CASES,South_Korea,9.998781336189994e-06,0.15979317502431406,0.03540552857149548,0.14285714285714285,0.12,0.026882939539392185,0.10003914097639628,0.007352941176470587,0.10014256264142762,0.1,0.14676700247902752,1.4,0.0035404605175200594,0.004956644724528083,0.03932748612048459,44241.02894126863,0,6954.0,3.0,1.2,1.8,1,136
20,CASES,South_Sudan,9.999956224990327e-06,0.15999979308370404,0.0027557814202325373,0.14285714285714285,0.12,0.0661412931767636,0.10019517153351412,0.01694915254237288,0.10000118601715056,0.1,0.10012535589106007,1.4,0.0010175341045839438,0.0014245477464175213,0.001184825646228016,138308.7890466542,0,596.4,3.0,1.2,1.8,1,59
161,CASES,Spain,4.441830958673626e-06,0.15999993832925352,0.011740341281805441,0.14285714285714285,0.12,0.02125591552854429,0.3999630111124505,0.008130081300813009,0.10000009369280467,0.1,0.10901479063019362,1.4,0.014367868835652331,0.020115016369913263,3.331980924503596e-08,634430.1510256247,0,143959.19999999998,3.0,1.2,1.8,1,123
40,CASES,Sri_Lanka,6.949702606124167e-06,0.15999959475674835,0.011041985372608169,0.14285714285714285,0.12,0.009637708813223069,0.1000000004862161,0.008403361344537815,0.10000014185544699,0.1,0.14994943270279038,1.4,0.0009865094256762523,0.0013811131959467536,8.861888111960647e-05,201583.1132222813,0,1009.8,3.0,1.2,1.8,1,119
77,CASES,Sudan,9.999977881090524e-06,0.15999820468708478,0.021679342259542888,0.14285714285714285,0.12,3.647433234998943e-07,0.10000002681396727,0.012195121951219513,0.10001271682827986,0.1,0.14994211557659487,1.4,0.009200925341198206,0.012881295477677487,2.1533392762007608e-05,331268.9718153458,0,3186.0,3.0,1.2,1.8,1,82
137,CASES,Sweden,9.999993347415364e-06,0.159998540333967,0.015612115103204854,0.14285714285714285,0.12,0.0763447664787928,0.10001625534195499,0.008064516129032258,0.10000000000076456,0.1,0.10001229079168847,1.4,0.013096184615259344,0.01833465846136308,0.00011851349877267658,256901.6684474021,0,23153.4,3.0,1.2,1.8,1,124
129,CASES,Switzerland,9.99998321401584e-06,0.15999999982633048,0.0069117699525622035,0.14285714285714285,0.12,0.002880386640912791,0.10000000003567762,0.010101010101010102,0.1000000000321476,0.1,0.1499997565414124,1.4,0.008525814203967013,0.011936139885553818,0.024618846780023684,370156.6376274352,0,18474.6,3.0,1.2,1.8,1,99
3,CASES,Taiwan,9.999536708787448e-06,0.1599694065260871,0.048351001341225296,0.14285714285714285,0.12,0.003983899623999954,0.10000209271303988,0.0075187969924812035,0.10000004107667518,0.1,0.10006789043556512,1.4,0.0016065945712132018,0.0022492323996984825,0.008751845105634816,10230.505524906166,0,265.8,3.0,1.2,1.8,1,133
71,CASES,Tajikistan,1.4915719844415933e-06,0.10000000039858008,0.329997445679807,0.14285714285714285,0.12,0.00014049044563034798,0.3999970620386796,0.029411764705882356,0.14999985173711902,0.1,0.14838914820171162,1.4,0.001758519910610299,0.0024619278748544185,0.0018167025467358267,1167605.1976476985,0,2407.8,45.0,18.0,27.0,15,34
61,CASES,Thailand,1e-05,0.15999999586674984,0.023595204414587657,0.14285714285714285,0.12,1.7537749030793748e-12,0.1000000070661638,0.007352941176470587,0.14386388413110868,0.1,0.14999078300349356,1.4,0.0028758563352735953,0.0040261988693830325,0.0005099390160080985,239437.02570574032,0,1849.8,3.0,1.2,1.8,1,136
73,CASES,Tocantins,6.956524114205687e-06,0.14230154684246182,0.02285897503378052,0.14285714285714285,0.12,2.6354345206147656e-08,0.10000002002788792,0.013157894736842105,0.10000402065281512,0.1,0.1499737322060221,1.4,0.002690264496883684,0.003766370295637157,2.7755575615628914e-16,513914.632618816,0,2689.8,3.0,1.2,1.8,1,76
45,CASES,Togo,9.999999387265469e-06,0.10006691604867232,0.002685538025401501,0.14285714285714285,0.12,0.19925269255354572,0.1804029433848652,0.012195121951219513,0.10000180535600464,0.1,0.1000090778437704,1.4,0.003009532435113461,0.004213345409158846,4.410485799460906e-05,201019.70958349816,0,267.0,3.0,1.2,1.8,1,82
22,CASES,Tunisia,9.999971800560173e-06,0.15998574642969174,0.32999983256450605,0.14285714285714285,0.12,0.1999997635100867,0.39999990470349,0.011494252873563218,0.14999993902668113,0.1,0.1486515078992919,1.4,0.0068740581687533825,0.009623681436254736,0.004717058282233233,7411.537705520595,0,651.6,3.0,1.2,1.8,1,87
156,CASES,Turkey,9.9999504875091e-06,0.1599900176915418,0.033459858101956334,0.14285714285714285,0.12,0.10034675230586376,0.1000045671460834,0.012195121951219513,0.10001053443171816,0.1,0.10216352233267137,1.4,0.002909981672953334,0.004073974342134667,0.00980712260310723,343829.94793314754,0,99333.0,3.0,1.2,1.8,1,82
27,CASES,Uganda,9.570445929937658e-06,0.11682431299694687,0.0010001722400153905,0.14285714285714285,0.12,0.1321206347135183,0.3293180334142808,0.013513513513513514,0.1048302814244633,0.1,0.10002370156311942,1.4,0.0,0.0,1.1039178311966769e-05,235067.49510023426,0,293.4,3.0,1.2,1.8,1,74
124,CASES,Ukraine,9.999999740969724e-06,0.15999997152630885,0.05816126046043388,0.14285714285714285,0.12,0.03142884310433278,0.10001324482580608,0.012195121951219513,0.10000600133317937,0.1,0.100009264119124,1.4,0.0030515945336913037,0.004272232347167826,0.0018521126854614265,325004.89916988893,0,14893.8,3.0,1.2,1.8,1,82
133,CASES,United_Arab_Emirates,2.9367773947900407e-06,0.15999999968513645,0.0010008263108968066,0.14285714285714285,0.12,0.010158184724897223,0.10000095825758253,0.008130081300813009,0.1000000000096406,0.1,0.10359977105133784,1.4,0.0007846036885275451,0.001098445163938563,0.0009267516312475024,421758.15477257594,0,21472.8,3.0,1.2,1.8,1,123
163,CASES,United_Kingdom,2.380133756507695e-06,0.15994352257206607,0.016877158507431926,0.14285714285714285,0.12,0.05902536313369551,0.10038974612487578,0.008,0.10000000791437927,0.1,0.1000044869658477,1.4,0.016499633919596586,0.023099487487435216,6.293382169897388e-06,1495832.610119295,0,166791.0,6.0,2.4,3.6,2,125
18,CASES,United_Republic_of_Tanzania,1.1062134619828358e-07,0.13235051518702792,0.25152913469135296,0.14285714285714285,0.12,0.08620877937339914,0.10818972891629014,0.012658227848101266,0.14598256727348755,0.1,0.14976875788174793,1.4,0.006444967039993251,0.009022953855990551,0.00046445894979491037,59963.588597527305,0,305.4,3.0,1.2,1.8,1,79
167,CASES,United_States_of_America,1.6867039356158966e-07,0.15961123042416914,0.08443752928114606,0.14285714285714285,0.12,0.004253260732711062,0.10821725772043453,0.007407407407407408,0.1037420034930756,0.1,0.10296412730809727,1.4,0.006335524212292875,0.008869733897210023,3.0409393314667625e-05,25040697.61224645,0,1099092.6,3.0,1.2,1.8,1,135
8,CASES,Uruguay,9.999999986581728e-06,0.15999999638271076,0.3299999999941783,0.14285714285714285,0.12,0.19999998165934493,0.3999604984014181,0.012345679012345678,0.10000002689643048,0.1,0.10000008956481617,1.4,0.0028642615940109237,0.004009966231615293,0.00036517118424617134,59591.720604427624,0,495.6,18.0,7.199999999999998,10.8,6,81
65,CASES,Uzbekistan,9.999909309095833e-06,0.1599999997626838,0.08695803892227479,0.14285714285714285,0.12,0.16152506224935825,0.2538901851722395,0.0125,0.1496459435508442,0.1,0.14435140370918212,1.4,0.0005767903717735036,0.0008075065204829048,9.141182379440728e-05,498608.2844624142,0,2261.4,18.0,7.199999999999998,10.8,6,80
42,CASES,Venezuela,5.585198159183087e-06,0.14975881415161807,0.0010000000308601346,0.14285714285714285,0.12,0.014562219306612778,0.38407876446971945,0.012345679012345678,0.10170114984603038,0.1,0.1002182063919402,1.4,0.0010016256052498187,0.001402275847349746,2.9106366727371653e-06,259677.47215809138,0,1091.4,30.0,12.0,18.0,10,81
23,CASES,Zambia,5.0943526074374294e-06,0.1566361581003095,0.007895175310509962,0.14285714285714285,0.12,0.010320566422377941,0.10026493462138594,0.014084507042253518,0.10001989175513976,0.1,0.1062949843020129,1.4,0.0007086332286800858,0.0009920865201521203,0.00019957559976258032,294374.5012259965,0,634.1999999999998,6.0,2.4,3.6,2,71
